NODE,PI?,PO?,NODE DELAY,NODE LABEL
g89,Y,N,0,0,
g102,Y,N,0,0,
g1064,N,N,1,0,
g1802,N,N,1,0,
I3468,N,N,1,0,
g2316,N,N,1,0,
I3705,N,N,1,0,
g2584,N,Y,1,0,
g705,Y,N,0,0,
I2134,N,N,1,0,
g1108,N,N,1,0,
g1738,N,N,1,0,
g2040,N,N,1,0,
I4133,N,N,1,0,
g2945,N,N,1,0,
I4465,N,N,1,0,
g3222,N,Y,1,1,
g43[IL],Y,N,0,0,
I2221,N,N,1,0,
g1220,N,N,1,0,
I2724,N,N,1,0,
g1724,N,N,1,0,
I3465,N,N,1,0,
g2315,N,N,1,0,
I4023,N,N,1,0,
g2814,N,N,1,1,
I4791,N,N,1,1,
g3600,N,Y,1,1,
g485[IL],Y,N,0,0,
g1054,N,N,1,0,
g1593,N,N,1,0,
I3531,N,N,1,0,
g2390,N,N,1,0,
I4166,N,N,1,0,
g2967,N,N,1,0,
I4799,N,N,1,0,
g3604,N,N,1,1,
I5006,N,N,1,1,
g3807,N,N,1,1,
I5774,N,N,1,1,
g4307,N,Y,1,1,
g668[IL],Y,N,0,0,
g1052,N,N,1,0,
g1586,N,N,1,0,
I3546,N,N,1,0,
g2408,N,N,1,0,
I4173,N,N,1,0,
g2974,N,N,1,0,
I4809,N,N,1,0,
g3612,N,N,1,1,
I5002,N,N,1,1,
g3803,N,N,1,1,
I5790,N,N,1,1,
g4321,N,Y,1,1,
g564,Y,N,0,0,
g838,N,N,1,0,
g1256,N,N,1,0,
I2904,N,N,1,0,
g1830,N,N,1,0,
g2583,N,N,1,0,
I4468,N,N,1,0,
g3223,N,N,1,0,
I4903,N,N,1,1,
g3723,N,N,1,1,
I5415,N,N,1,1,
g4111,N,N,1,1,
g4422,N,Y,1,1,
g486[IL],Y,N,0,0,
g496[IL],Y,N,0,0,
g943,N,N,1,0,
g1418,N,N,1,0,
g489[IL],Y,N,0,0,
g492[IL],Y,N,0,0,
g1048,N,N,1,0,
g1449,N,N,1,0,
g2433,N,N,1,1,
g2869,N,N,1,1,
g3486,N,N,1,1,
g4011,N,N,1,1,
g4343,N,N,1,1,
I6170,N,N,1,1,
g4603,N,N,1,1,
I6485,N,N,1,1,
g4809,N,Y,1,2,
I4794,N,N,1,1,
g3601,N,N,1,1,
g4010,N,N,1,1,
g4350,N,N,1,1,
I6231,N,N,1,1,
g4644,N,N,1,1,
I6507,N,N,1,1,
g4823,N,N,1,2,
I6599,N,N,1,2,
g4871,N,N,1,2,
I6789,N,N,1,2,
g5137,N,Y,1,2,
I5777,N,N,1,1,
g4308,N,N,1,1,
g4614,N,N,1,1,
g4822,N,N,1,1,
I6783,N,N,1,1,
g5135,N,N,1,2,
I6972,N,N,1,2,
g5314,N,N,1,2,
I7007,N,N,1,2,
g5355,N,N,1,2,
I7150,N,N,1,2,
g5468,N,Y,1,2,
I5793,N,N,1,1,
g4322,N,N,1,1,
g4615,N,N,1,1,
g4824,N,N,1,1,
I6786,N,N,1,1,
g5136,N,N,1,2,
I6976,N,N,1,2,
g5316,N,N,1,2,
I7012,N,N,1,2,
g5358,N,N,1,2,
I7153,N,N,1,2,
g5469,N,Y,1,2,
I6488,N,N,1,1,
g4810,N,N,1,2,
g5116,N,N,1,2,
g5315,N,N,1,2,
g4320,N,N,1,1,
g4612,N,N,1,1,
g5452,N,N,1,2,
I7318,N,N,1,2,
g5566,N,N,1,2,
I7361,N,N,1,2,
g5597,N,N,1,2,
I7451,N,N,1,3,
g5692,N,Y,1,3,
g675[IL],Y,N,0,0,
g1063,N,N,1,0,
I2521,N,N,1,0,
g1555,N,N,1,0,
g22,Y,N,0,0,
g896,N,N,1,0,
I2306,N,N,1,0,
g1317,N,N,1,0,
I3140,N,N,1,0,
g2031,N,N,1,0,
I3733,N,N,1,0,
g2603,N,N,1,0,
g3559,N,N,1,1,
g3992,N,N,1,1,
g676[IL],Y,N,0,0,
g41,Y,N,0,0,
g897,N,N,1,0,
I2312,N,N,1,0,
g1319,N,N,1,0,
I3144,N,N,1,0,
g2035,N,N,1,0,
I3746,N,N,1,0,
g2608,N,N,1,0,
g3491,N,N,1,1,
g1[IL],Y,N,0,0,
I2137,N,N,1,0,
g1109,N,N,1,0,
g1710,N,N,1,0,
I3288,N,N,1,0,
g2163,N,N,1,0,
I4217,N,N,1,0,
g3014,N,N,1,0,
g3705,N,N,1,1,
g2[IL],Y,N,0,0,
I2143,N,N,1,0,
g1111,N,N,1,0,
g1720,N,N,1,0,
I3294,N,N,1,0,
g2165,N,N,1,0,
I4240,N,N,1,0,
g3029,N,N,1,0,
g3710,N,N,1,1,
I5269,N,N,1,1,
I5270,N,N,1,1,
I5271,N,N,1,1,
g3983,N,N,1,1,
g6[IL],Y,N,0,0,
I2147,N,N,1,0,
g1113,N,N,1,0,
g1725,N,N,1,0,
I3298,N,N,1,0,
g2169,N,N,1,0,
I4258,N,N,1,0,
g3041,N,N,1,0,
g3714,N,N,1,1,
g10[IL],Y,N,0,0,
I2150,N,N,1,0,
g1114,N,N,1,0,
g1730,N,N,1,0,
I3301,N,N,1,0,
g2170,N,N,1,0,
I4276,N,N,1,0,
g3053,N,N,1,0,
g3719,N,N,1,1,
I5257,N,N,1,1,
I5258,N,N,1,1,
I5259,N,N,1,1,
g3979,N,N,1,1,
I5657,N,N,1,2,
I5658,N,N,1,2,
I5659,N,N,1,2,
g4223,N,N,1,2,
g14[IL],Y,N,0,0,
I2154,N,N,1,0,
g1116,N,N,1,0,
g1740,N,N,1,0,
I3304,N,N,1,0,
g2171,N,N,1,0,
I4318,N,N,1,0,
g3083,N,N,1,0,
g3242,N,N,1,1,
g18[IL],Y,N,0,0,
I2128,N,N,1,0,
g1106,N,N,1,0,
g1695,N,N,1,0,
I3278,N,N,1,0,
g2157,N,N,1,0,
I4170,N,N,1,0,
g2973,N,N,1,0,
g3247,N,N,1,1,
I5242,N,N,1,1,
I5243,N,N,1,1,
I5244,N,N,1,1,
g3974,N,N,1,1,
g24[IL],Y,N,0,0,
I2131,N,N,1,0,
g1107,N,N,1,0,
g1702,N,N,1,0,
I3284,N,N,1,0,
g2159,N,N,1,0,
I4189,N,N,1,0,
g2996,N,N,1,0,
g3259,N,N,1,1,
g28[IL],Y,N,0,0,
I2140,N,N,1,0,
g1110,N,N,1,0,
g1714,N,N,1,0,
I3291,N,N,1,0,
g2164,N,N,1,0,
I4220,N,N,1,0,
g3015,N,N,1,0,
g3263,N,N,1,1,
I5226,N,N,1,1,
I5227,N,N,1,1,
I5228,N,N,1,1,
g3968,N,N,1,1,
I5647,N,N,1,2,
I5648,N,N,1,2,
I5649,N,N,1,2,
g4221,N,N,1,2,
I6026,N,N,1,3,
I6027,N,N,1,3,
I6028,N,N,1,3,
g4504,N,N,1,3,
g48[IL],Y,N,0,0,
I1917,N,N,1,0,
g894,N,N,1,0,
g1326,N,N,1,0,
I3496,N,N,1,0,
g2346,N,N,1,0,
I3785,N,N,1,0,
g2643,N,N,1,0,
g3541,N,N,1,1,
I6499,N,N,1,3,
I6500,N,N,1,3,
I6501,N,N,1,3,
g4819,N,N,1,3,
g5060,N,N,1,4,
g5318,N,N,1,4,
g5385,N,N,1,4,
g5537,N,N,1,4,
g5645,N,N,1,4,
g5770,N,N,1,4,
g6032,N,N,1,4,
I7859,N,N,1,4,
g6137,N,N,1,5,
I7996,N,N,1,5,
g6282,N,Y,1,5,
g3868,N,N,1,1,
g5467,N,N,1,4,
g5536,N,N,1,4,
g5631,N,N,1,4,
g5824,N,N,1,4,
g33[IL],Y,N,0,0,
g29[IL],Y,N,0,0,
I2089,N,N,1,0,
I2090,N,N,1,0,
I2091,N,N,1,0,
g1047,N,N,1,0,
g25[IL],Y,N,0,0,
g19[IL],Y,N,0,0,
I2080,N,N,1,0,
I2081,N,N,1,0,
I2082,N,N,1,0,
g1044,N,N,1,0,
I2506,N,N,1,1,
I2507,N,N,1,1,
I2508,N,N,1,1,
g1540,N,N,1,1,
g15[IL],Y,N,0,0,
g11[IL],Y,N,0,0,
I2072,N,N,1,0,
I2073,N,N,1,0,
I2074,N,N,1,0,
g1042,N,N,1,0,
g7[IL],Y,N,0,0,
g3[IL],Y,N,0,0,
I2060,N,N,1,0,
I2061,N,N,1,0,
I2062,N,N,1,0,
g1036,N,N,1,0,
I2497,N,N,1,1,
I2498,N,N,1,1,
I2499,N,N,1,1,
g1534,N,N,1,1,
I3168,N,N,1,2,
I3169,N,N,1,2,
I3170,N,N,1,2,
g2061,N,N,1,2,
g2602,N,N,1,2,
I4646,N,N,1,2,
g3369,N,N,1,2,
I4935,N,N,1,2,
g3752,N,N,1,3,
g5883,N,N,1,4,
g5996,N,N,1,4,
g6110,N,N,1,5,
I8002,N,N,1,5,
g6284,N,Y,1,5,
I2175,N,N,1,0,
g1156,N,N,1,0,
I2696,N,N,1,0,
g1692,N,N,1,0,
g6047,N,N,1,4,
g6034,N,N,1,4,
g6182,N,N,1,5,
I8144,N,N,1,5,
g6360,N,Y,1,5,
I2185,N,N,1,0,
g1173,N,N,1,0,
I2700,N,N,1,0,
g1696,N,N,1,0,
g6055,N,N,1,4,
g5995,N,N,1,4,
g6185,N,N,1,5,
I8150,N,N,1,5,
g6362,N,Y,1,5,
I2196,N,N,1,0,
g1189,N,N,1,0,
I2703,N,N,1,0,
g1699,N,N,1,0,
g6056,N,N,1,4,
g6039,N,N,1,4,
g6167,N,N,1,5,
I8156,N,N,1,5,
g6364,N,Y,1,5,
I2199,N,N,1,0,
g1190,N,N,1,0,
I2707,N,N,1,0,
g1703,N,N,1,0,
g6060,N,N,1,4,
g6035,N,N,1,4,
g6189,N,N,1,5,
I8162,N,N,1,5,
g6366,N,Y,1,5,
I2207,N,N,1,0,
g1203,N,N,1,0,
I2712,N,N,1,0,
g1711,N,N,1,0,
g6061,N,N,1,4,
g6014,N,N,1,4,
g6170,N,N,1,5,
I8168,N,N,1,5,
g6368,N,Y,1,5,
I2218,N,N,1,0,
g1219,N,N,1,0,
I2721,N,N,1,0,
g1721,N,N,1,0,
g6066,N,N,1,4,
g6043,N,N,1,4,
g6173,N,N,1,5,
I8174,N,N,1,5,
g6370,N,Y,1,5,
I2228,N,N,1,0,
g1232,N,N,1,0,
I2728,N,N,1,0,
g1726,N,N,1,0,
g6068,N,N,1,4,
g6033,N,N,1,4,
g6176,N,N,1,5,
I8180,N,N,1,5,
g6372,N,Y,1,5,
I2240,N,N,1,0,
g1249,N,N,1,0,
I2745,N,N,1,0,
g1735,N,N,1,0,
g6077,N,N,1,4,
g6051,N,N,1,4,
g6179,N,N,1,5,
I8186,N,N,1,5,
g6374,N,Y,1,5,
I7999,N,N,1,5,
g6283,N,N,1,5,
g6408,N,N,1,5,
g6515,N,N,1,5,
g5879,N,N,1,4,
g6115,N,N,1,4,
g6619,N,N,1,5,
I8767,N,N,1,5,
g6657,N,N,1,5,
I8840,N,N,1,6,
g6710,N,N,1,6,
I8878,N,N,1,6,
g6728,N,Y,1,6,
g666[IL],Y,N,0,0,
I1935,N,N,1,0,
g909,N,N,1,0,
I2275,N,N,1,0,
g1290,N,Y,1,0,
g567,Y,N,0,0,
g839,N,N,1,0,
I2584,N,N,1,0,
g1627,N,N,1,0,
I3434,N,N,1,0,
g2291,N,N,1,0,
g638[IL],Y,N,0,0,
g985,N,N,1,0,
g1788,N,N,1,0,
g2935,N,N,1,1,
I2596,N,N,1,0,
g1637,N,N,1,0,
g3599,N,N,1,1,
I5343,N,N,1,1,
g4040,N,N,1,1,
I5445,N,N,1,1,
g4121,N,Y,1,1,
g45,Y,N,0,0,
g1205,N,N,1,0,
I2805,N,N,1,0,
g1770,N,N,1,0,
I3040,N,N,1,0,
g1935,N,N,1,0,
I4340,N,N,1,0,
g3095,N,N,1,0,
g3546,N,N,1,1,
I5252,N,N,1,1,
g3976,N,N,1,1,
I5406,N,N,1,1,
g4108,N,Y,1,1,
g42,Y,N,0,0,
g1175,N,N,1,0,
I2756,N,N,1,0,
g1742,N,N,1,0,
I2995,N,N,1,0,
g1898,N,N,1,0,
I4306,N,N,1,0,
g3075,N,N,1,0,
g3673,N,N,1,1,
I5217,N,N,1,1,
g3963,N,N,1,1,
I5400,N,N,1,1,
g4106,N,Y,1,1,
g39,Y,N,0,0,
g1204,N,N,1,0,
I2802,N,N,1,0,
g1769,N,N,1,0,
I3037,N,N,1,0,
g1934,N,N,1,0,
I4337,N,N,1,0,
g3094,N,N,1,0,
g3589,N,N,1,1,
I5249,N,N,1,1,
g3975,N,N,1,1,
I5391,N,N,1,1,
g4103,N,Y,1,1,
g699[IL],Y,N,0,0,
I1947,N,N,1,0,
g922,N,N,1,0,
I2284,N,N,1,0,
g1293,N,Y,1,0,
g32,Y,N,0,0,
g1117,N,N,1,0,
I2731,N,N,1,0,
g1729,N,N,1,0,
I2955,N,N,1,0,
g1853,N,N,1,0,
I4243,N,N,1,0,
g3030,N,N,1,0,
g3267,N,N,1,1,
I5177,N,N,1,1,
g3940,N,N,1,1,
I5379,N,N,1,1,
g4099,N,Y,1,1,
g38,Y,N,0,0,
g1191,N,N,1,0,
I2773,N,N,1,0,
g1754,N,N,1,0,
I3016,N,N,1,0,
g1917,N,N,1,0,
I4321,N,N,1,0,
g3084,N,N,1,0,
g3571,N,N,1,1,
I5233,N,N,1,1,
g3969,N,N,1,1,
I5388,N,N,1,1,
g4102,N,Y,1,1,
g46,Y,N,0,0,
g1221,N,N,1,0,
I2821,N,N,1,0,
g1776,N,N,1,0,
I3062,N,N,1,0,
g1953,N,N,1,0,
I4354,N,N,1,0,
g3108,N,N,1,0,
g3638,N,N,1,1,
I5264,N,N,1,1,
g3980,N,N,1,1,
I5409,N,N,1,1,
g4109,N,Y,1,1,
g36,Y,N,0,0,
g1118,N,N,1,0,
I2735,N,N,1,0,
g1731,N,N,1,0,
I2961,N,N,1,0,
g1857,N,N,1,0,
I4261,N,N,1,0,
g3042,N,N,1,0,
g3271,N,N,1,1,
I5182,N,N,1,1,
g3952,N,N,1,1,
I5382,N,N,1,1,
g4100,N,Y,1,1,
g47,Y,N,0,0,
g898,N,N,1,0,
I2321,N,N,1,0,
g1322,N,N,1,0,
I3152,N,N,1,0,
g2041,N,N,1,0,
I3758,N,N,1,0,
g2618,N,N,1,0,
g3564,N,N,1,1,
I5337,N,N,1,1,
g4036,N,N,1,1,
I5418,N,N,1,1,
g4112,N,Y,1,1,
g40,Y,N,0,0,
g1115,N,N,1,0,
I2716,N,N,1,0,
g1715,N,N,1,0,
I2943,N,N,1,0,
g1847,N,N,1,0,
I4192,N,N,1,0,
g2997,N,N,1,0,
g3593,N,N,1,1,
I5169,N,N,1,1,
g3932,N,N,1,1,
I5397,N,N,1,1,
g4105,N,Y,1,1,
g37,Y,N,0,0,
g1174,N,N,1,0,
I2753,N,N,1,0,
g1741,N,N,1,0,
I2992,N,N,1,0,
g1897,N,N,1,0,
I4303,N,N,1,0,
g3074,N,N,1,0,
g3567,N,N,1,1,
I5214,N,N,1,1,
g3962,N,N,1,1,
I5385,N,N,1,1,
g4101,N,Y,1,1,
I5333,N,N,1,1,
g4034,N,N,1,1,
I5412,N,N,1,1,
g4110,N,Y,1,1,
I5320,N,N,1,1,
g4016,N,N,1,1,
I5394,N,N,1,1,
g4104,N,Y,1,1,
g44,Y,N,0,0,
g1192,N,N,1,0,
I2776,N,N,1,0,
g1755,N,N,1,0,
I3019,N,N,1,0,
g1918,N,N,1,0,
I4324,N,N,1,0,
g3085,N,N,1,0,
g3545,N,N,1,1,
I5236,N,N,1,1,
g3970,N,N,1,1,
I5403,N,N,1,1,
g4107,N,Y,1,1,
g23,Y,N,0,0,
g893,N,N,1,0,
I2296,N,N,1,0,
g1315,N,N,1,0,
I3137,N,N,1,0,
g2030,N,N,1,0,
I3726,N,N,1,0,
g2598,N,N,1,0,
g3557,N,N,1,1,
I5316,N,N,1,1,
g4014,N,N,1,1,
I5376,N,N,1,1,
g4098,N,Y,1,1,
I5053,N,N,1,1,
g3846,N,N,1,1,
I5472,N,N,1,1,
g4130,N,N,1,1,
g4130[OL],N,Y,1,1,
g332[IL],Y,N,0,0,
g923,N,N,1,0,
g323[IL],Y,N,0,0,
g829,N,N,1,0,
g1682,N,N,1,0,
I2967,N,N,1,0,
g1861,N,N,1,0,
g357[IL],Y,N,0,0,
g964,N,N,1,0,
g353[IL],Y,N,0,0,
g837,N,N,1,0,
g349[IL],Y,N,0,0,
g836,N,N,1,0,
g345[IL],Y,N,0,0,
g835,N,N,1,0,
g341[IL],Y,N,0,0,
g834,N,N,1,0,
g338[IL],Y,N,0,0,
g830,N,N,1,0,
g1436,N,N,1,0,
g2021,N,N,1,0,
g2853,N,N,1,1,
g3437,N,N,1,1,
g3819,N,N,1,1,
g4253,N,N,1,1,
g314,Y,N,0,0,
g866,N,N,1,0,
g306,Y,N,0,0,
g1359,N,N,1,0,
g310,Y,N,0,0,
g873,N,N,1,0,
g1402,N,N,1,0,
g889,N,N,1,0,
g1398,N,N,1,0,
g901,N,N,1,0,
g2026,N,N,1,1,
g2936,N,N,1,1,
g4429,N,N,1,1,
g4432,N,N,1,1,
g4811,N,N,1,2,
g301,Y,N,0,0,
g858,N,N,1,0,
g1784,N,N,1,0,
g2008,N,N,1,1,
g2962,N,N,1,1,
I4587,N,N,1,1,
g3312,N,N,1,1,
g3872,N,N,1,1,
g4867,N,N,1,2,
I7055,N,N,1,4,
g5391,N,N,1,4,
g702,Y,N,0,0,
g1059,N,N,1,0,
g1045,N,N,1,0,
g1589,N,N,1,0,
g3793,N,N,1,1,
g662[IL],Y,N,0,0,
g1039,N,N,1,0,
g658[IL],Y,N,0,0,
g1603,N,N,1,0,
g1880,N,N,1,0,
g5561,N,N,1,4,
I7397,N,N,1,4,
g5638,N,N,1,4,
g689[IL],Y,N,0,0,
I2122,N,N,1,0,
g1094,N,N,1,0,
g698[IL],Y,N,0,0,
I2125,N,N,1,0,
g1101,N,N,1,0,
g1675,N,N,1,0,
g2053,N,N,1,0,
g687[IL],Y,N,0,0,
I2115,N,N,1,0,
g1076,N,N,1,0,
g5853,N,N,1,4,
g5912,N,N,1,5,
g913,N,N,1,0,
g1422,N,N,1,0,
I3528,N,N,1,0,
g2381,N,N,1,0,
g6237,N,N,1,5,
I8027,N,N,1,5,
g6305,N,N,1,5,
I8329,N,N,1,5,
g6465,N,N,1,5,
g5388,N,N,1,4,
g5541,N,N,1,4,
I7404,N,N,1,4,
g5649,N,N,1,4,
g1546,N,N,1,0,
g2081,N,N,1,0,
g5869,N,N,1,4,
g5992,N,N,1,4,
g6211,N,N,1,5,
g6348,N,N,1,5,
g677[IL],Y,N,0,0,
I2029,N,N,1,0,
g952,N,N,1,0,
g1734,N,N,1,0,
g6492,N,N,1,5,
I8515,N,N,1,5,
g6533,N,N,1,5,
I8724,N,N,1,5,
g6622,N,N,1,5,
g6494,N,N,1,5,
I8518,N,N,1,5,
g6534,N,N,1,5,
I8721,N,N,1,5,
g6621,N,N,1,5,
g6683,N,N,1,6,
g337[IL],Y,N,0,0,
g932,N,N,1,0,
g1661,N,N,1,0,
g5852,N,N,1,4,
g5905,N,N,1,5,
g6252,N,N,1,5,
I8044,N,N,1,5,
g6314,N,N,1,5,
I8342,N,N,1,5,
g6478,N,N,1,5,
g1529,N,N,1,0,
g5866,N,N,1,4,
g5957,N,N,1,4,
g6193,N,N,1,5,
g6354,N,N,1,5,
g1775,N,N,1,0,
g6495,N,N,1,5,
I8521,N,N,1,5,
g6535,N,N,1,5,
I8730,N,N,1,5,
g6624,N,N,1,5,
g6496,N,N,1,5,
I8524,N,N,1,5,
g6536,N,N,1,5,
I8727,N,N,1,5,
g6623,N,N,1,5,
g6682,N,N,1,6,
g6716,N,N,1,6,
g6742,N,N,1,6,
I8916,N,N,1,6,
g6746,N,N,1,6,
g6772,N,N,1,6,
g6795,N,N,1,6,
I8972,N,N,1,7,
g6802,N,N,1,7,
I9002,N,N,1,7,
g6823,N,N,1,7,
g6823[OL],N,Y,1,7,
g123[IL],Y,N,0,0,
g1250,N,N,1,0,
g114[IL],Y,N,0,0,
g709,N,N,1,0,
g1502,N,N,1,0,
I3441,N,N,1,0,
g2296,N,N,1,0,
g139[IL],Y,N,0,0,
g895,N,N,1,0,
g135[IL],Y,N,0,0,
g715,N,N,1,0,
g131[IL],Y,N,0,0,
g714,N,N,1,0,
g128[IL],Y,N,0,0,
g710,N,N,1,0,
g1826,N,N,1,0,
g2551,N,N,1,0,
g3208,N,N,1,1,
g3425,N,N,1,1,
g94,Y,N,0,0,
g1743,N,N,1,0,
g98,Y,N,0,0,
g1070,N,N,1,0,
g1797,N,N,1,0,
g1084,N,N,1,0,
g1793,N,N,1,0,
g1138,N,N,1,0,
g2577,N,N,1,1,
g2849,N,N,1,1,
g3997,N,N,1,1,
g4000,N,N,1,1,
g4231,N,N,1,1,
g1056,N,N,1,0,
g1620,N,N,1,0,
g2434,N,N,1,1,
g2877,N,N,1,1,
I4802,N,N,1,1,
g3605,N,N,1,1,
g3761,N,N,1,1,
g4616,N,N,1,2,
g2954,N,N,1,0,
g685[IL],Y,N,0,0,
I2057,N,N,1,0,
g1030,N,N,1,0,
g1552,N,N,1,0,
g684[IL],Y,N,0,0,
I2053,N,N,1,0,
g1017,N,N,1,0,
g1499,N,N,1,0,
g688[IL],Y,N,0,0,
I2119,N,N,1,0,
g1088,N,N,1,0,
g1666,N,N,1,0,
g2062,N,N,1,1,
g5857,N,N,1,4,
g6097,N,N,1,5,
I7871,N,N,1,5,
g6147,N,N,1,5,
I8113,N,N,1,5,
g6353,N,N,1,5,
g1564,N,N,1,0,
g1576,N,N,1,0,
g1535,N,N,1,0,
g2113,N,N,1,1,
g5873,N,N,1,4,
g5994,N,N,1,4,
I7856,N,N,1,5,
g6136,N,N,1,5,
I8107,N,N,1,5,
g6351,N,N,1,5,
g6461,N,N,1,6,
I8470,N,N,1,6,
g6518,N,N,1,6,
I8716,N,N,1,6,
g6618,N,N,1,6,
I8482,N,N,1,6,
g6522,N,N,1,6,
I8713,N,N,1,6,
g6617,N,N,1,6,
g6693,N,N,1,7,
g571[IL],Y,N,0,0,
g842,N,N,1,0,
g1275,N,N,1,0,
I3431,N,N,1,0,
g2284,N,N,1,0,
g971,N,N,1,0,
I2476,N,N,1,0,
g1491,N,N,1,0,
I3675,N,N,1,0,
g2565,N,N,1,0,
g2845,N,N,1,0,
g3709,N,N,1,1,
g683[IL],Y,N,0,0,
I2050,N,N,1,0,
g1011,N,N,1,0,
I2668,N,N,1,0,
g1684,N,N,1,0,
I3626,N,N,1,0,
g2497,N,N,1,0,
g3203,N,N,1,1,
g3883,N,N,1,1,
I5907,N,N,1,1,
g4404,N,N,1,1,
I6111,N,N,1,1,
g4533,N,N,1,1,
g654[IL],Y,N,0,0,
g856,N,N,1,0,
g1274,N,N,1,0,
I3425,N,N,1,0,
g2276,N,N,1,0,
I3659,N,N,1,0,
g2541,N,N,1,0,
g2841,N,N,1,0,
g3704,N,N,1,1,
g682[IL],Y,N,0,0,
I2047,N,N,1,0,
g1006,N,N,1,0,
I2663,N,N,1,0,
g1681,N,N,1,0,
I3605,N,N,1,0,
g2473,N,N,1,0,
g3195,N,N,1,1,
g3879,N,N,1,1,
I5896,N,N,1,1,
g4399,N,N,1,1,
I6102,N,N,1,1,
g4530,N,N,1,1,
g4835,N,N,1,2,
g6705,N,N,1,7,
g650[IL],Y,N,0,0,
g855,N,N,1,0,
g1287,N,N,1,0,
I3419,N,N,1,0,
g2268,N,N,1,0,
I3641,N,N,1,0,
g2515,N,N,1,0,
g2838,N,N,1,0,
g3701,N,N,1,1,
g681[IL],Y,N,0,0,
I2044,N,N,1,0,
g1001,N,N,1,0,
I2658,N,N,1,0,
g1678,N,N,1,0,
I3584,N,N,1,0,
g2449,N,N,1,0,
g3186,N,N,1,1,
g3871,N,N,1,1,
I5882,N,N,1,1,
g4393,N,N,1,1,
I6090,N,N,1,1,
g4526,N,N,1,1,
g646[IL],Y,N,0,0,
g854,N,N,1,0,
g1286,N,N,1,0,
I3395,N,N,1,0,
g2256,N,N,1,0,
I3623,N,N,1,0,
g2494,N,N,1,0,
g2830,N,N,1,0,
g3693,N,N,1,1,
g680[IL],Y,N,0,0,
I2041,N,N,1,0,
g996,N,N,1,0,
I2653,N,N,1,0,
g1673,N,N,1,0,
I3560,N,N,1,0,
g2422,N,N,1,0,
g3176,N,N,1,1,
g3864,N,N,1,1,
I5868,N,N,1,1,
g4387,N,N,1,1,
I6078,N,N,1,1,
g4522,N,N,1,1,
g4829,N,N,1,2,
g606[IL],Y,N,0,0,
g851,N,N,1,0,
g1284,N,N,1,0,
I3382,N,N,1,0,
g2245,N,N,1,0,
I3602,N,N,1,0,
g2470,N,N,1,0,
g2820,N,N,1,0,
g3687,N,N,1,1,
g679[IL],Y,N,0,0,
I2037,N,N,1,0,
g980,N,N,1,0,
I2648,N,N,1,0,
g1670,N,N,1,0,
I3540,N,N,1,0,
g2397,N,N,1,0,
g3161,N,N,1,1,
g3857,N,N,1,1,
I5854,N,N,1,1,
g4381,N,N,1,1,
I6063,N,N,1,1,
g4517,N,N,1,1,
g642[IL],Y,N,0,0,
g853,N,N,1,0,
g1283,N,N,1,0,
I3367,N,N,1,0,
g2234,N,N,1,0,
I3581,N,N,1,0,
g2446,N,N,1,0,
g2806,N,N,1,0,
g3681,N,N,1,1,
g678[IL],Y,N,0,0,
I2033,N,N,1,0,
g965,N,N,1,0,
I2643,N,N,1,0,
g1664,N,N,1,0,
I3522,N,N,1,0,
g2370,N,N,1,0,
g3146,N,N,1,1,
g3851,N,N,1,1,
I5843,N,N,1,1,
g4376,N,N,1,1,
I6048,N,N,1,1,
g4512,N,N,1,1,
g4832,N,N,1,2,
g4941,N,N,1,2,
g6741,N,N,1,7,
g260[IL],Y,N,0,0,
I2449,N,N,1,0,
g1439,N,N,1,0,
I3112,N,N,1,0,
g2001,N,N,1,0,
g2912,N,N,1,0,
g3375,N,N,1,1,
g686[IL],Y,N,0,0,
I2067,N,N,1,0,
g1037,N,N,1,0,
I2692,N,N,1,0,
g1690,N,N,1,0,
I3678,N,N,1,0,
g2568,N,N,1,0,
g2807,N,N,1,1,
g3751,N,N,1,1,
I5913,N,N,1,1,
g4406,N,N,1,1,
I6118,N,N,1,1,
g4536,N,N,1,1,
g254[IL],Y,N,0,0,
I3105,N,N,1,0,
g1994,N,N,1,0,
g2905,N,N,1,0,
g3372,N,N,1,1,
I2688,N,N,1,0,
g1688,N,N,1,0,
I3662,N,N,1,0,
g2544,N,N,1,0,
g2794,N,N,1,1,
g3750,N,N,1,1,
I5910,N,N,1,1,
g4405,N,N,1,1,
I6114,N,N,1,1,
g4534,N,N,1,1,
g248[IL],Y,N,0,0,
I3096,N,N,1,0,
g1985,N,N,1,0,
g2893,N,N,1,0,
g3366,N,N,1,1,
I2671,N,N,1,0,
g1685,N,N,1,0,
I3644,N,N,1,0,
g2518,N,N,1,0,
g2782,N,N,1,1,
g3748,N,N,1,1,
I5899,N,N,1,1,
g4400,N,N,1,1,
I6105,N,N,1,1,
g4531,N,N,1,1,
g4834,N,N,1,2,
g242[IL],Y,N,0,0,
I3086,N,N,1,0,
g1975,N,N,1,0,
g2889,N,N,1,0,
g3357,N,N,1,1,
g2771,N,N,1,1,
g3746,N,N,1,1,
I5885,N,N,1,1,
g4394,N,N,1,1,
I6093,N,N,1,1,
g4527,N,N,1,1,
g236[IL],Y,N,0,0,
I3077,N,N,1,0,
g1966,N,N,1,0,
g2886,N,N,1,0,
g3345,N,N,1,1,
g2759,N,N,1,1,
g3744,N,N,1,1,
I5871,N,N,1,1,
g4388,N,N,1,1,
I6081,N,N,1,1,
g4523,N,N,1,1,
g4836,N,N,1,2,
g4948,N,N,1,2,
g230[IL],Y,N,0,0,
I3068,N,N,1,0,
g1957,N,N,1,0,
g2884,N,N,1,0,
g3335,N,N,1,1,
g2747,N,N,1,1,
g3740,N,N,1,1,
I5857,N,N,1,1,
g4382,N,N,1,1,
I6066,N,N,1,1,
g4518,N,N,1,1,
g297[IL],Y,N,0,0,
g2955,N,N,1,1,
g1541,N,N,1,0,
g2068,N,N,1,1,
g5865,N,N,1,4,
g5885,N,N,1,4,
g6271,N,N,1,5,
g6385,N,N,1,5,
g224[IL],Y,N,0,0,
I3050,N,N,1,0,
g1943,N,N,1,0,
g2876,N,N,1,0,
g3325,N,N,1,1,
g2733,N,N,1,1,
g3733,N,N,1,1,
g4334,N,N,1,1,
g218[IL],Y,N,0,0,
I3025,N,N,1,0,
g1922,N,N,1,0,
g2872,N,N,1,0,
g3311,N,N,1,1,
g2721,N,N,1,1,
g4092,N,N,1,1,
g4328,N,N,1,1,
g212[IL],Y,N,0,0,
I3007,N,N,1,0,
g1908,N,N,1,0,
g2867,N,N,1,0,
g3302,N,N,1,1,
g2700,N,N,1,1,
g4080,N,N,1,1,
g4314,N,N,1,1,
g6451,N,N,1,5,
I8600,N,N,1,5,
g6572,N,N,1,5,
I8702,N,N,1,5,
g6612,N,N,1,5,
g6449,N,N,1,5,
I8603,N,N,1,5,
g6573,N,N,1,5,
I8699,N,N,1,5,
g6611,N,N,1,5,
g6446,N,N,1,5,
I8594,N,N,1,5,
g6570,N,N,1,5,
I8693,N,N,1,5,
g6609,N,N,1,5,
g6443,N,N,1,5,
I8588,N,N,1,5,
g6568,N,N,1,5,
I8687,N,N,1,5,
g6607,N,N,1,5,
I8778,N,N,1,6,
g6439,N,N,1,5,
I8582,N,N,1,5,
g6566,N,N,1,5,
I8681,N,N,1,5,
g6605,N,N,1,5,
g6436,N,N,1,5,
I8576,N,N,1,5,
g6564,N,N,1,5,
I8764,N,N,1,5,
g6656,N,N,1,5,
g6433,N,N,1,5,
I8570,N,N,1,5,
g6562,N,N,1,5,
I8758,N,N,1,5,
g6654,N,N,1,5,
g6430,N,N,1,5,
I8462,N,N,1,5,
g6514,N,N,1,5,
I8752,N,N,1,5,
g6652,N,N,1,5,
I8779,N,N,1,6,
g6665,N,N,1,6,
g6719,N,N,1,6,
I8831,N,N,1,6,
g6707,N,N,1,6,
I8897,N,N,1,6,
g6735,N,N,1,6,
I8837,N,N,1,6,
g6709,N,N,1,6,
I8894,N,N,1,6,
g6734,N,N,1,6,
g6749,N,N,1,7,
g6782,N,N,1,7,
g6799,N,N,1,7,
g690[IL],Y,N,0,0,
I2165,N,N,1,0,
g1123,N,N,1,0,
I2887,N,N,1,0,
g1823,N,N,1,0,
I3206,N,N,1,0,
g2090,N,N,1,0,
I4414,N,N,1,0,
g3177,N,N,1,1,
g634[IL],Y,N,0,0,
g852,N,N,1,0,
g1285,N,N,1,0,
I3352,N,N,1,0,
g2215,N,N,1,0,
g3023,N,N,1,0,
g598[IL],Y,N,0,0,
g849,N,N,1,0,
g1282,N,N,1,0,
I3340,N,N,1,0,
g2197,N,N,1,0,
g3007,N,N,1,0,
g1273,N,N,1,0,
I3328,N,N,1,0,
g2179,N,N,1,0,
g2981,N,N,1,0,
g3518,N,N,1,1,
g691[IL],Y,N,0,0,
I2172,N,N,1,0,
g1143,N,N,1,0,
I2880,N,N,1,0,
g1820,N,N,1,0,
I3215,N,N,1,0,
g2097,N,N,1,0,
I4424,N,N,1,0,
g3187,N,N,1,1,
g3521,N,N,1,1,
g692[IL],Y,N,0,0,
I2182,N,N,1,0,
g1161,N,N,1,0,
I2870,N,N,1,0,
g1813,N,N,1,0,
I3225,N,N,1,0,
g2103,N,N,1,0,
I4433,N,N,1,0,
g3196,N,N,1,1,
g3526,N,N,1,1,
g693[IL],Y,N,0,0,
I2193,N,N,1,0,
g1177,N,N,1,0,
I2860,N,N,1,0,
g1807,N,N,1,0,
I3235,N,N,1,0,
g2109,N,N,1,0,
I4441,N,N,1,0,
g3204,N,N,1,1,
g3530,N,N,1,1,
I5359,N,N,1,2,
g694[IL],Y,N,0,0,
I2204,N,N,1,0,
g1193,N,N,1,0,
I2845,N,N,1,0,
g1791,N,N,1,0,
I3247,N,N,1,0,
g2118,N,N,1,0,
I4455,N,N,1,0,
g3212,N,N,1,1,
g3532,N,N,1,1,
g695[IL],Y,N,0,0,
I2215,N,N,1,0,
g1209,N,N,1,0,
I2831,N,N,1,0,
g1783,N,N,1,0,
I3261,N,N,1,0,
g2135,N,N,1,0,
I4462,N,N,1,0,
g3219,N,N,1,1,
g3536,N,N,1,1,
g696[IL],Y,N,0,0,
I2225,N,N,1,0,
g1222,N,N,1,0,
I2814,N,N,1,0,
g1773,N,N,1,0,
I3274,N,N,1,0,
g2155,N,N,1,0,
I3720,N,N,1,0,
g2591,N,N,1,1,
g3539,N,N,1,1,
g697[IL],Y,N,0,0,
I2234,N,N,1,0,
g1236,N,N,1,0,
I2788,N,N,1,0,
g1761,N,N,1,0,
I3281,N,N,1,0,
g2158,N,N,1,0,
I3723,N,N,1,0,
g2594,N,N,1,1,
g3544,N,N,1,1,
I5360,N,N,1,2,
g4050,N,N,1,2,
g4226,N,N,1,2,
I5991,N,N,1,2,
g4487,N,N,1,2,
g4801,N,N,1,2,
g5067,N,N,1,2,
g5310,N,N,1,3,
I7042,N,N,1,3,
g5382,N,N,1,3,
g5564,N,N,1,3,
g292[IL],Y,N,0,0,
I4008,N,N,1,1,
I4009,N,N,1,1,
I4010,N,N,1,1,
g2804,N,N,1,1,
g291[IL],Y,N,0,0,
I3988,N,N,1,1,
I3989,N,N,1,1,
I3990,N,N,1,1,
g2791,N,N,1,1,
g290[IL],Y,N,0,0,
I3970,N,N,1,1,
I3971,N,N,1,1,
I3972,N,N,1,1,
g2780,N,N,1,1,
g3664,N,N,1,2,
g289[IL],Y,N,0,0,
I3952,N,N,1,1,
I3953,N,N,1,1,
I3954,N,N,1,1,
g2769,N,N,1,1,
g288[IL],Y,N,0,0,
I3933,N,N,1,1,
I3934,N,N,1,1,
I3935,N,N,1,1,
g2757,N,N,1,1,
g287[IL],Y,N,0,0,
I3914,N,N,1,1,
I3915,N,N,1,1,
I3916,N,N,1,1,
g2745,N,N,1,1,
g3656,N,N,1,2,
g286[IL],Y,N,0,0,
I3893,N,N,1,1,
I3894,N,N,1,1,
I3895,N,N,1,1,
g2731,N,N,1,1,
g285[IL],Y,N,0,0,
I3874,N,N,1,1,
I3875,N,N,1,1,
I3876,N,N,1,1,
g2719,N,N,1,1,
g284[IL],Y,N,0,0,
I3846,N,N,1,1,
I3847,N,N,1,1,
I3848,N,N,1,1,
g2698,N,N,1,1,
g3647,N,N,1,2,
g3893,N,N,1,2,
I5609,N,N,1,2,
g4193,N,N,1,2,
g4606,N,N,1,2,
g4769,N,N,1,2,
g5636,N,N,1,3,
g5861,N,N,1,3,
g278[IL],Y,N,0,0,
I1862,N,N,1,0,
g784,N,N,1,0,
g277[IL],Y,N,0,0,
I1859,N,N,1,0,
g774,N,N,1,0,
g276[IL],Y,N,0,0,
I1880,N,N,1,0,
g821,N,N,1,0,
g281[IL],Y,N,0,0,
I1871,N,N,1,0,
g804,N,N,1,0,
g280[IL],Y,N,0,0,
I1868,N,N,1,0,
g798,N,N,1,0,
g279[IL],Y,N,0,0,
I1865,N,N,1,0,
g791,N,N,1,0,
I2574,N,N,1,1,
g1612,N,N,1,1,
g1842,N,N,1,1,
I2795,N,N,1,0,
I2796,N,N,1,0,
I2797,N,N,1,0,
g1764,N,N,1,1,
g2036,N,N,1,1,
g478[IL],Y,N,0,0,
I2893,N,N,1,0,
g1825,N,N,1,0,
I3428,N,N,1,0,
g2283,N,N,1,0,
I4402,N,N,1,0,
g3162,N,N,1,1,
I2491,N,N,1,0,
g1519,N,N,1,0,
I3059,N,N,1,0,
g1950,N,N,1,0,
g2921,N,N,1,0,
g3353,N,N,1,1,
I2604,N,N,1,0,
g1641,N,N,1,0,
I3422,N,N,1,0,
g2275,N,N,1,0,
I4391,N,N,1,0,
g3150,N,N,1,1,
g3361,N,N,1,1,
g3931,N,N,1,1,
I2391,N,N,1,0,
g1352,N,N,1,0,
g2087,N,N,1,0,
g4161,N,N,1,1,
I2611,N,N,1,0,
g1644,N,N,1,0,
I3408,N,N,1,0,
g2265,N,N,1,0,
I4382,N,N,1,0,
g3136,N,N,1,1,
I3115,N,N,1,0,
g2004,N,N,1,0,
g2934,N,N,1,0,
g3382,N,N,1,1,
I2617,N,N,1,0,
g1646,N,N,1,0,
I3391,N,N,1,0,
g2254,N,N,1,0,
I4375,N,N,1,0,
g3128,N,N,1,1,
g3383,N,N,1,1,
g3927,N,N,1,1,
g4165,N,N,1,1,
g4586,N,N,1,2,
I2414,N,N,1,0,
g1378,N,N,1,0,
g2106,N,N,1,0,
g4698,N,N,1,2,
I2620,N,N,1,0,
g1647,N,N,1,0,
I3379,N,N,1,0,
g2244,N,N,1,0,
I4366,N,N,1,0,
g3118,N,N,1,1,
I3099,N,N,1,0,
g1988,N,N,1,0,
g2931,N,N,1,0,
g3377,N,N,1,1,
I2623,N,N,1,0,
g1648,N,N,1,0,
I3364,N,N,1,0,
g2233,N,N,1,0,
I4351,N,N,1,0,
g3104,N,N,1,1,
g3379,N,N,1,1,
g3934,N,N,1,1,
I2428,N,N,1,0,
g1395,N,N,1,0,
g2136,N,N,1,0,
g4184,N,N,1,1,
I2630,N,N,1,0,
g1653,N,N,1,0,
I2940,N,N,1,0,
g1846,N,N,1,0,
I4031,N,N,1,0,
g2822,N,N,1,1,
I3080,N,N,1,0,
g1969,N,N,1,0,
g2923,N,N,1,0,
g3368,N,N,1,1,
I2638,N,N,1,0,
g1659,N,N,1,0,
I2929,N,N,1,0,
g1841,N,N,1,0,
I4019,N,N,1,0,
g2809,N,N,1,1,
g3374,N,N,1,1,
g3973,N,N,1,1,
g4186,N,N,1,1,
g4596,N,N,1,2,
g4701,N,N,1,2,
g5091,N,N,1,2,
I2420,N,N,1,0,
g1384,N,N,1,0,
g2111,N,N,1,0,
g5170,N,N,1,2,
I2791,N,N,1,0,
g1762,N,N,1,0,
I2925,N,N,1,0,
g1837,N,N,1,0,
I3999,N,N,1,0,
g2796,N,N,1,1,
I3056,N,N,1,0,
g1947,N,N,1,0,
g2920,N,N,1,0,
g3352,N,N,1,1,
I2817,N,N,1,0,
g1774,N,N,1,0,
I2922,N,N,1,0,
g1836,N,N,1,0,
I3979,N,N,1,0,
g2783,N,N,1,1,
g3360,N,N,1,1,
g3959,N,N,1,1,
I2417,N,N,1,0,
g1381,N,N,1,0,
g2110,N,N,1,0,
g4178,N,N,1,1,
I2835,N,N,1,0,
g1787,N,N,1,0,
I2919,N,N,1,0,
g1835,N,N,1,0,
I3961,N,N,1,0,
g2772,N,N,1,1,
I3034,N,N,1,0,
g1931,N,N,1,0,
g2915,N,N,1,0,
g3340,N,N,1,1,
I2848,N,N,1,0,
g1792,N,N,1,0,
I2913,N,N,1,0,
g1833,N,N,1,0,
I3942,N,N,1,0,
g2760,N,N,1,1,
g3351,N,N,1,1,
g3939,N,N,1,1,
g4181,N,N,1,1,
g4591,N,N,1,2,
I2385,N,N,1,0,
g1348,N,N,1,0,
g2079,N,N,1,0,
g4685,N,N,1,2,
I2864,N,N,1,0,
g1811,N,N,1,0,
I3694,N,N,1,0,
g2581,N,N,1,0,
I3923,N,N,1,0,
g2748,N,N,1,1,
I3013,N,N,1,0,
g1914,N,N,1,0,
g2907,N,N,1,0,
g3329,N,N,1,1,
I2873,N,N,1,0,
g1814,N,N,1,0,
I3687,N,N,1,0,
g2576,N,N,1,0,
I3902,N,N,1,0,
g2734,N,N,1,1,
g3339,N,N,1,1,
g3966,N,N,1,1,
I2402,N,N,1,0,
g1366,N,N,1,0,
g2099,N,N,1,0,
g4169,N,N,1,1,
I2883,N,N,1,0,
g1821,N,N,1,0,
I3681,N,N,1,0,
g2574,N,N,1,0,
I3883,N,N,1,0,
g2722,N,N,1,1,
I2989,N,N,1,0,
g1894,N,N,1,0,
g2895,N,N,1,0,
g3317,N,N,1,1,
I2890,N,N,1,0,
g1824,N,N,1,0,
I3665,N,N,1,0,
g2550,N,N,1,0,
I3855,N,N,1,0,
g2701,N,N,1,1,
g3328,N,N,1,1,
g3930,N,N,1,1,
g4172,N,N,1,1,
g4590,N,N,1,2,
g4686,N,N,1,2,
g5094,N,N,1,2,
g5175,N,N,1,2,
g5423,N,N,1,3,
g5568,N,N,1,3,
g5691,N,N,1,3,
I7494,N,N,1,3,
g5729,N,N,1,3,
g5946,N,N,1,3,
g6192,N,N,1,3,
I8201,N,N,1,3,
I8202,N,N,1,4,
I8203,N,N,1,4,
g6397,N,N,1,4,
g283[IL],Y,N,0,0,
I1877,N,N,1,0,
g815,N,N,1,0,
g282[IL],Y,N,0,0,
I1874,N,N,1,0,
g809,N,N,1,0,
g1628,N,N,1,0,
g6473,N,N,1,4,
g1588,N,N,1,0,
g2100,N,N,1,1,
g1582,N,N,1,1,
g2928,N,N,1,1,
g3512,N,N,1,1,
I5307,N,N,1,1,
I5308,N,N,1,1,
I5309,N,N,1,1,
g4007,N,N,1,2,
g4247,N,N,1,2,
g6549,N,N,1,4,
g6637,N,N,1,4,
g1639,N,N,1,0,
g2138,N,N,1,0,
g6474,N,N,1,4,
g6558,N,N,1,4,
g6679,N,N,1,5,
g6540,N,N,1,4,
g6628,N,N,1,4,
g6559,N,N,1,4,
g6640,N,N,1,4,
g3905,N,N,1,1,
g1481,N,N,1,0,
g4416,N,N,1,1,
g1642,N,N,1,0,
g2156,N,N,1,0,
g2950,N,N,1,1,
g6673,N,N,1,5,
g6715,N,N,1,5,
g3921,N,N,1,1,
g4234,N,N,1,1,
g3928,N,N,1,1,
g4578,N,N,1,2,
g4694,N,N,1,2,
g4280,N,N,1,2,
g5085,N,N,1,2,
g5242,N,N,1,2,
g6739,N,N,1,5,
g6762,N,N,1,5,
g6713,N,N,1,5,
g6738,N,N,1,5,
g6758,N,N,1,5,
g6778,N,N,1,6,
I8946,N,N,1,6,
g6786,N,N,1,6,
g6822,N,N,1,6,
g6837,N,N,1,6,
g6847,N,N,1,6,
I2552,N,N,1,0,
g1578,N,N,1,0,
g2295,N,N,1,0,
g6852,N,N,1,6,
g2089,N,N,1,0,
g6864,N,N,1,6,
I9098,N,N,1,7,
g6877,N,N,1,7,
I9185,N,N,1,7,
g6906,N,N,1,7,
I9104,N,N,1,7,
g6879,N,N,1,7,
I9182,N,N,1,7,
g6905,N,N,1,7,
g6915,N,N,1,8,
I9110,N,N,1,7,
g6881,N,N,1,7,
I9176,N,N,1,7,
g6903,N,N,1,7,
I9116,N,N,1,7,
g6883,N,N,1,7,
I9170,N,N,1,7,
g6901,N,N,1,7,
g6916,N,N,1,8,
g6920,N,N,1,8,
I9122,N,N,1,7,
g6885,N,N,1,7,
I9164,N,N,1,7,
g6899,N,N,1,7,
I9128,N,N,1,7,
g6887,N,N,1,7,
I9158,N,N,1,7,
g6897,N,N,1,7,
g6912,N,N,1,8,
I9134,N,N,1,7,
g6889,N,N,1,7,
I9152,N,N,1,7,
g6895,N,N,1,7,
I9137,N,N,1,7,
g6890,N,N,1,7,
I9146,N,N,1,7,
g6893,N,N,1,7,
g6914,N,N,1,8,
g6919,N,N,1,8,
g6924,N,N,1,8,
g6927,N,N,1,8,
g6929,N,N,1,9,
g6931,N,N,1,9,
I9217,N,N,1,9,
g6932,N,N,1,9,
g6934,N,N,1,9,
g6937,N,N,1,9,
I9227,N,N,1,9,
g6938,N,N,1,9,
I9233,N,N,1,10,
g6940,N,N,1,10,
g6940[OL],N,Y,1,10,
g208[IL],Y,N,0,0,
I1844,N,N,1,0,
g743,N,N,1,0,
g1584,N,N,1,0,
g209[IL],Y,N,0,0,
I1847,N,N,1,0,
g749,N,N,1,0,
g207[IL],Y,N,0,0,
I1841,N,N,1,0,
g736,N,N,1,0,
g2095,N,N,1,1,
g206[IL],Y,N,0,0,
I1838,N,N,1,0,
g729,N,N,1,0,
g205[IL],Y,N,0,0,
I1835,N,N,1,0,
g719,N,N,1,0,
g204[IL],Y,N,0,0,
I1856,N,N,1,0,
g766,N,N,1,0,
g1573,N,N,1,1,
g2924,N,N,1,1,
I2766,N,N,1,0,
I2767,N,N,1,0,
I2768,N,N,1,0,
g1749,N,N,1,1,
g3505,N,N,1,1,
g471[IL],Y,N,0,0,
g3903,N,N,1,1,
g211[IL],Y,N,0,0,
I1853,N,N,1,0,
g760,N,N,1,0,
g210[IL],Y,N,0,0,
I1850,N,N,1,0,
g754,N,N,1,0,
g1474,N,N,1,0,
g4410,N,N,1,1,
g4537,N,N,1,1,
I2566,N,N,1,1,
g1595,N,N,1,1,
g3912,N,N,1,1,
g4233,N,N,1,1,
g3924,N,N,1,1,
g4568,N,N,1,2,
g4688,N,N,1,2,
g5069,N,N,1,2,
g1706,N,N,1,1,
I3177,N,N,1,1,
I3178,N,N,1,1,
I3179,N,N,1,1,
g2067,N,N,1,1,
g5241,N,N,1,2,
g5446,N,N,1,2,
g197[IL],Y,N,0,0,
g1053,N,N,1,0,
I2627,N,N,1,0,
g1650,N,N,1,0,
I3255,N,N,1,0,
g2125,N,N,1,0,
I3797,N,N,1,0,
g2653,N,N,1,0,
g3457,N,N,1,1,
g5496,N,N,1,2,
I2343,N,N,1,0,
g1330,N,N,1,0,
I3334,N,N,1,0,
g2195,N,N,1,0,
g3285,N,N,1,1,
g5626,N,N,1,2,
I7472,N,N,1,2,
g5711,N,N,1,3,
I7692,N,N,1,3,
g5920,N,N,1,3,
I7802,N,N,1,3,
g6102,N,N,1,3,
g6102[OL],N,Y,1,3,
I5043,N,N,1,1,
g3840,N,N,1,1,
I5523,N,N,1,1,
g4147,N,N,1,1,
g4147[OL],N,Y,1,1,
g461[IL],Y,N,0,0,
g536[IL],Y,N,0,0,
g500[IL],Y,N,0,0,
I2003,N,N,1,0,
I2004,N,N,1,0,
I2005,N,N,1,0,
g944,N,N,1,0,
g504[IL],Y,N,0,0,
I1994,N,N,1,0,
I1995,N,N,1,0,
I1996,N,N,1,0,
g941,N,N,1,0,
g508[IL],Y,N,0,0,
I1986,N,N,1,0,
I1987,N,N,1,0,
I1988,N,N,1,0,
g939,N,N,1,0,
g1473,N,N,1,1,
g512[IL],Y,N,0,0,
I1978,N,N,1,0,
I1979,N,N,1,0,
I1980,N,N,1,0,
g937,N,N,1,0,
g516[IL],Y,N,0,0,
I1969,N,N,1,0,
I1970,N,N,1,0,
I1971,N,N,1,0,
g930,N,N,1,0,
g520[IL],Y,N,0,0,
I1961,N,N,1,0,
I1962,N,N,1,0,
I1963,N,N,1,0,
g928,N,N,1,0,
g1470,N,N,1,1,
g524[IL],Y,N,0,0,
I1951,N,N,1,0,
I1952,N,N,1,0,
I1953,N,N,1,0,
g926,N,N,1,0,
g528[IL],Y,N,0,0,
I2021,N,N,1,0,
I2022,N,N,1,0,
I2023,N,N,1,0,
g950,N,N,1,0,
g532[IL],Y,N,0,0,
I2013,N,N,1,0,
I2014,N,N,1,0,
I2015,N,N,1,0,
g948,N,N,1,0,
g1459,N,N,1,1,
g2010,N,N,1,1,
g541[IL],Y,N,0,0,
g2908,N,N,1,1,
I4667,N,N,1,1,
g3388,N,N,1,1,
g3789,N,N,1,1,
g4371,N,N,1,2,
g430[IL],Y,N,0,0,
g4038,N,N,1,1,
g4440,N,N,1,2,
I6302,N,N,1,2,
g4704,N,N,1,2,
I6531,N,N,1,2,
g4841,N,N,1,2,
g4841[OL],N,Y,1,2,
g6036,N,N,1,4,
g6250,N,N,1,4,
I8147,N,N,1,5,
g6361,N,N,1,5,
g6484,N,N,1,5,
g6574,N,N,1,5,
g6229,N,N,1,4,
g6643,N,N,1,5,
g6684,N,N,1,5,
I8800,N,N,1,5,
g6694,N,N,1,6,
I8869,N,N,1,6,
g6725,N,N,1,6,
g6725[OL],N,Y,1,6,
I4229,N,N,1,0,
g3022,N,N,1,0,
I4495,N,N,1,0,
g3232,N,N,1,1,
g3232[OL],N,Y,1,1,
g328[IL],Y,N,0,0,
g1411,N,N,1,0,
g2947,N,N,1,1,
I4681,N,N,1,1,
g3441,N,N,1,1,
g3730,N,N,1,1,
I5439,N,N,1,1,
g4119,N,N,1,1,
g4119[OL],N,Y,1,1,
I5081,N,N,1,1,
g3860,N,N,1,1,
I5505,N,N,1,1,
g4141,N,N,1,1,
g4141[OL],N,Y,1,1,
g6040,N,N,1,4,
g6256,N,N,1,4,
I8153,N,N,1,5,
g6363,N,N,1,5,
g6486,N,N,1,5,
g6575,N,N,1,5,
g6230,N,N,1,4,
g6644,N,N,1,5,
g6685,N,N,1,5,
I8803,N,N,1,5,
g6695,N,N,1,6,
I8872,N,N,1,6,
g6726,N,N,1,6,
g6726[OL],N,Y,1,6,
g465[IL],Y,N,0,0,
g5546,N,N,1,4,
g1585,N,N,1,0,
g1577,N,N,1,0,
g1563,N,N,1,0,
g2084,N,N,1,1,
g2916,N,N,1,1,
g5688,N,N,1,4,
g5731,N,N,1,4,
g5894,N,N,1,4,
g6248,N,N,1,4,
g6089,N,N,1,4,
g6297,N,N,1,5,
I8267,N,N,1,5,
g6419,N,N,1,5,
I8441,N,N,1,5,
g6507,N,N,1,5,
g6507[OL],N,Y,1,5,
g84[IL],Y,N,0,0,
g1417,N,N,1,0,
g4471,N,N,1,1,
g4792,N,N,1,1,
g319,Y,N,0,0,
g862,N,N,1,0,
g1387,N,N,1,0,
g1978,N,N,1,0,
g4598,N,N,1,1,
g5074,N,N,1,1,
g2007,N,N,1,0,
g2831,N,N,1,1,
g3380,N,N,1,1,
g4472,N,N,1,1,
g4465,N,N,1,1,
g4825,N,N,1,2,
I6780,N,N,1,2,
g5124,N,N,1,2,
g5281,N,N,1,2,
I7091,N,N,1,2,
g5425,N,N,1,2,
g5578,N,N,1,2,
g5682,N,N,1,2,
g361[IL],Y,N,0,0,
g946,N,N,1,0,
I2581,N,N,1,0,
g1624,N,N,1,0,
g49[IL],Y,N,0,0,
g929,N,N,1,0,
g2160,N,N,1,0,
g54[IL],Y,N,0,0,
g931,N,N,1,0,
g2937,N,N,1,1,
g59[IL],Y,N,0,0,
g938,N,N,1,0,
g3551,N,N,1,1,
g64[IL],Y,N,0,0,
g940,N,N,1,0,
g3936,N,N,1,1,
g69[IL],Y,N,0,0,
g942,N,N,1,0,
g4277,N,N,1,1,
g74[IL],Y,N,0,0,
g947,N,N,1,0,
g4593,N,N,1,1,
g79[IL],Y,N,0,0,
g949,N,N,1,0,
g4794,N,N,1,1,
g1997,N,N,1,0,
g2795,N,N,1,0,
g3502,N,N,1,1,
I5328,N,N,1,1,
g4022,N,N,1,1,
I5753,N,N,1,1,
g4296,N,N,1,1,
g4647,N,N,1,1,
g5096,N,N,1,2,
I1825,N,N,1,0,
g706,N,N,1,0,
g1808,N,N,1,0,
g2419,N,N,1,0,
g3147,N,N,1,1,
g3694,N,N,1,1,
g4054,N,N,1,1,
g4407,N,N,1,1,
g4648,N,N,1,1,
g4800,N,N,1,2,
g5228,N,N,1,2,
I6956,N,N,1,2,
g5304,N,N,1,2,
g5457,N,N,1,2,
g5562,N,N,1,3,
g398[IL],Y,N,0,0,
g5429,N,N,1,2,
g5680,N,N,1,3,
I7576,N,N,1,3,
I7577,N,N,1,3,
I7578,N,N,1,3,
g5783,N,N,1,3,
g5956,N,N,1,3,
g6274,N,N,1,3,
I4777,N,N,1,1,
g3575,N,N,1,1,
g951,N,N,1,0,
g5095,N,N,1,1,
I5577,N,N,1,1,
g4173,N,N,1,1,
g4535,N,N,1,1,
g5161,N,N,1,2,
g4838,N,N,1,1,
g4873,N,N,1,2,
g5430,N,N,1,2,
g5500,N,N,1,2,
g5605,N,N,1,2,
I7612,N,N,1,2,
g5813,N,N,1,2,
g6087,N,N,1,2,
g6346,N,N,1,4,
g2340,N,N,1,1,
g3215,N,N,1,1,
g3942,N,N,1,1,
I5739,N,N,1,1,
g4284,N,N,1,2,
g4633,N,N,1,2,
I6456,N,N,1,2,
g4790,N,N,1,2,
I6775,N,N,1,2,
g5121,N,N,1,2,
g5954,N,N,1,3,
g6456,N,N,1,4,
I8555,N,N,1,4,
g6553,N,N,1,4,
I8638,N,N,1,4,
g6590,N,N,1,4,
g6590[OL],N,Y,1,4,
I4198,N,N,1,0,
g3001,N,N,1,0,
I4492,N,N,1,0,
g3231,N,N,1,1,
g3231[OL],N,Y,1,1,
I5207,N,N,1,1,
I5208,N,N,1,1,
I5209,N,N,1,1,
g3961,N,N,1,1,
I5195,N,N,1,1,
I5196,N,N,1,1,
I5197,N,N,1,1,
g3957,N,N,1,1,
I5766,N,N,1,2,
I5767,N,N,1,2,
I5768,N,N,1,2,
g4301,N,N,1,2,
I5187,N,N,1,1,
I5188,N,N,1,1,
I5189,N,N,1,1,
g3955,N,N,1,1,
I6185,N,N,1,2,
I6186,N,N,1,2,
I6187,N,N,1,2,
g4610,N,N,1,2,
I6390,N,N,1,3,
I6391,N,N,1,3,
I6392,N,N,1,3,
g4762,N,N,1,3,
I6659,N,N,1,4,
I6660,N,N,1,4,
I6661,N,N,1,4,
g5019,N,N,1,4,
I6819,N,N,1,4,
g5151,N,N,1,4,
I6992,N,N,1,4,
g5330,N,N,1,4,
g5330[OL],N,Y,1,5,
g619[IL],Y,N,0,0,
g616[IL],Y,N,0,0,
g613[IL],Y,N,0,0,
g610[IL],Y,N,0,0,
g602[IL],Y,N,0,0,
g918,N,N,1,0,
g1419,N,N,1,0,
g2015,N,N,1,0,
g2846,N,N,1,1,
g622[IL],Y,N,0,0,
I4782,N,N,1,1,
I4783,N,N,1,1,
I4784,N,N,1,1,
g3597,N,N,1,1,
I4961,N,N,1,1,
g3770,N,N,1,1,
I5640,N,N,1,1,
g4218,N,N,1,2,
g639,Y,N,0,0,
g878,N,N,1,0,
g1539,N,N,1,0,
g4460,N,N,1,2,
I6382,N,N,1,2,
g4758,N,N,1,2,
I6689,N,N,1,2,
g5051,N,N,1,2,
I6809,N,N,1,2,
g5147,N,N,1,2,
g5147[OL],N,Y,1,3,
g1815,N,N,1,0,
g2858,N,N,1,1,
I4534,N,N,1,1,
g3251,N,N,1,1,
g3897,N,N,1,1,
I5568,N,N,1,1,
g4166,N,N,1,1,
g3784,N,N,1,1,
g4497,N,N,1,2,
I6414,N,N,1,2,
g4770,N,N,1,2,
I6525,N,N,1,2,
g4839,N,N,1,2,
g4839[OL],N,Y,1,2,
g4545,N,N,1,1,
g5077,N,N,1,2,
g5256,N,N,1,2,
g1691,N,N,1,0,
I3455,N,N,1,1,
I3456,N,N,1,1,
I3457,N,N,1,1,
g2311,N,N,1,1,
g5447,N,N,1,2,
g269[IL],Y,N,0,0,
g1055,N,N,1,0,
I2635,N,N,1,0,
g1656,N,N,1,0,
I3268,N,N,1,0,
g2145,N,N,1,0,
I3800,N,N,1,0,
g2656,N,N,1,0,
g3458,N,N,1,1,
g5497,N,N,1,2,
I2367,N,N,1,0,
g1338,N,N,1,0,
I3337,N,N,1,0,
g2196,N,N,1,0,
g3286,N,N,1,1,
g5627,N,N,1,2,
I7475,N,N,1,2,
g5714,N,N,1,3,
I7695,N,N,1,3,
g5921,N,N,1,3,
I7811,N,N,1,3,
g6105,N,N,1,3,
g6105[OL],N,Y,1,3,
g2946,N,N,1,0,
g3449,N,N,1,0,
g2860,N,N,1,0,
g3913,N,N,1,1,
I4706,N,N,1,1,
g3466,N,N,1,1,
g4059,N,N,1,1,
g4292,N,N,1,1,
g4495,N,N,1,2,
I5644,N,N,1,1,
g4220,N,N,1,2,
g4773,N,N,1,2,
I6733,N,N,1,2,
g5097,N,N,1,2,
I6792,N,N,1,2,
g5138,N,N,1,2,
g5138[OL],N,Y,1,2,
I2244,N,N,1,0,
I2245,N,N,1,0,
I2246,N,N,1,0,
g1253,N,N,1,0,
I2457,N,N,1,0,
g1460,N,N,1,0,
I3240,N,N,1,1,
g2112,N,N,1,1,
g1649,N,N,1,0,
g2859,N,N,1,1,
I4752,N,N,1,1,
g3534,N,N,1,1,
I5204,N,N,1,1,
g3960,N,N,1,1,
I5448,N,N,1,1,
g4122,N,N,1,2,
g4122[OL],N,Y,1,2,
g554[IL],Y,N,0,0,
g2986,N,N,1,1,
g3485,N,N,1,1,
g3765,N,N,1,1,
g6773,N,N,1,5,
g6790,N,N,1,5,
I8997,N,N,1,5,
g6820,N,N,1,6,
I9014,N,N,1,6,
g6827,N,N,1,6,
g6827[OL],N,Y,1,6,
g2032,N,N,1,1,
I2485,N,N,1,0,
g1504,N,N,1,0,
I3031,N,N,1,0,
g1928,N,N,1,0,
g2914,N,N,1,0,
g3338,N,N,1,1,
g3350,N,N,1,1,
g3926,N,N,1,1,
I2382,N,N,1,0,
g1345,N,N,1,0,
g2078,N,N,1,0,
g4156,N,N,1,1,
I3109,N,N,1,0,
g1998,N,N,1,0,
g2932,N,N,1,0,
g3378,N,N,1,1,
g3381,N,N,1,1,
g3923,N,N,1,1,
g4160,N,N,1,1,
g4581,N,N,1,2,
I2399,N,N,1,0,
g1363,N,N,1,0,
g2098,N,N,1,0,
g4691,N,N,1,2,
I3090,N,N,1,0,
g1979,N,N,1,0,
g2927,N,N,1,0,
g3373,N,N,1,1,
g3376,N,N,1,1,
g3929,N,N,1,1,
I2424,N,N,1,0,
g1391,N,N,1,0,
g2119,N,N,1,0,
g4180,N,N,1,1,
I3071,N,N,1,0,
g1960,N,N,1,0,
g2922,N,N,1,0,
g3359,N,N,1,1,
g3367,N,N,1,1,
g3965,N,N,1,1,
g4183,N,N,1,1,
g4589,N,N,1,2,
g4697,N,N,1,2,
g5088,N,N,1,2,
I2411,N,N,1,0,
g1375,N,N,1,0,
g2105,N,N,1,0,
g5162,N,N,1,2,
I3028,N,N,1,0,
g1925,N,N,1,0,
g2913,N,N,1,0,
g3337,N,N,1,1,
g3349,N,N,1,1,
g3956,N,N,1,1,
I2408,N,N,1,0,
g1372,N,N,1,0,
g2104,N,N,1,0,
g4171,N,N,1,1,
I3010,N,N,1,0,
g1911,N,N,1,0,
g2906,N,N,1,0,
g3327,N,N,1,1,
g3336,N,N,1,1,
g3933,N,N,1,1,
g4177,N,N,1,1,
g4585,N,N,1,2,
I2376,N,N,1,0,
g1341,N,N,1,0,
g2066,N,N,1,0,
g4683,N,N,1,2,
I2986,N,N,1,0,
g1891,N,N,1,0,
g2894,N,N,1,0,
g3316,N,N,1,1,
g3326,N,N,1,1,
g3958,N,N,1,1,
I2394,N,N,1,0,
g1355,N,N,1,0,
g2091,N,N,1,0,
g4164,N,N,1,1,
I2970,N,N,1,0,
g1875,N,N,1,0,
g2890,N,N,1,0,
g3303,N,N,1,1,
g3315,N,N,1,1,
g3925,N,N,1,1,
g4168,N,N,1,1,
g4584,N,N,1,2,
g4684,N,N,1,2,
g5093,N,N,1,2,
g5169,N,N,1,2,
g5418,N,N,1,3,
g5567,N,N,1,3,
g5687,N,N,1,3,
I7497,N,N,1,3,
g5730,N,N,1,3,
g5950,N,N,1,3,
g6188,N,N,1,3,
I8194,N,N,1,3,
I8195,N,N,1,4,
I8196,N,N,1,4,
g6394,N,N,1,4,
g1609,N,N,1,0,
g6468,N,N,1,4,
I5300,N,N,1,1,
I5301,N,N,1,1,
I5302,N,N,1,1,
g4004,N,N,1,2,
g4244,N,N,1,2,
g6545,N,N,1,4,
g6634,N,N,1,4,
g1838,N,N,1,1,
g6631,N,N,1,4,
g6659,N,N,1,4,
g6702,N,N,1,5,
I8907,N,N,1,5,
g6743,N,N,1,5,
I8913,N,N,1,5,
g6745,N,N,1,5,
g6745[OL],N,Y,1,5,
g179[IL],Y,N,0,0,
g1822,N,N,1,0,
g4045,N,N,1,1,
g4214,N,N,1,1,
g107,Y,N,0,0,
g1060,N,N,1,0,
g1777,N,N,1,0,
g2330,N,N,1,0,
g3831,N,N,1,1,
g4468,N,N,1,1,
g2409,N,N,1,0,
g3140,N,N,1,1,
g3677,N,N,1,1,
g4049,N,N,1,1,
g4017,N,N,1,1,
g4237,N,N,1,1,
I6143,N,N,1,1,
g4569,N,N,1,2,
g4745,N,N,1,2,
I6630,N,N,1,2,
g4938,N,N,1,2,
g5260,N,N,1,2,
g5378,N,N,1,2,
g143[IL],Y,N,0,0,
g872,N,N,1,0,
I2442,N,N,1,0,
g1423,N,N,1,0,
g152[IL],Y,N,0,0,
g1254,N,N,1,0,
g2018,N,N,1,0,
g161[IL],Y,N,0,0,
g1255,N,N,1,0,
g2850,N,N,1,1,
g170[IL],Y,N,0,0,
g857,N,N,1,0,
g3434,N,N,1,1,
g2360,N,N,1,0,
g3109,N,N,1,0,
g3330,N,N,1,1,
I5153,N,N,1,1,
g3914,N,N,1,1,
I5630,N,N,1,1,
g4210,N,N,1,1,
g4582,N,N,1,1,
g4744,N,N,1,2,
I1832,N,N,1,0,
g716,N,N,1,0,
g1633,N,N,1,0,
g2166,N,N,1,0,
g2941,N,N,1,1,
g4490,N,N,1,1,
g4864,N,N,1,2,
I6371,N,N,1,2,
g4741,N,N,1,2,
g5090,N,N,1,2,
g5215,N,N,1,2,
g184[IL],Y,N,0,0,
g4947,N,N,1,2,
g5374,N,N,1,3,
I7237,N,N,1,3,
I7238,N,N,1,3,
I7239,N,N,1,3,
g5507,N,N,1,3,
g5620,N,N,1,3,
g5816,N,N,1,3,
g861,N,N,1,0,
g3816,N,N,1,1,
g188[IL],Y,N,0,0,
g865,N,N,1,0,
g4209,N,N,1,1,
I5825,N,N,1,1,
g4364,N,N,1,1,
g4463,N,N,1,1,
g4826,N,N,1,2,
g3554,N,N,1,1,
g3953,N,N,1,1,
g4621,N,N,1,2,
g5013,N,N,1,2,
g5311,N,N,1,2,
g5458,N,N,1,2,
I7264,N,N,1,2,
g5524,N,N,1,2,
g5667,N,N,1,2,
g5910,N,N,1,3,
g2142,N,N,1,1,
g2951,N,N,1,1,
g3821,N,N,1,1,
I5606,N,N,1,1,
g4192,N,N,1,2,
g4564,N,N,1,2,
I6352,N,N,1,2,
g4726,N,N,1,2,
I6701,N,N,1,2,
g5061,N,N,1,2,
g5617,N,N,1,3,
g6116,N,N,1,4,
I8070,N,N,1,4,
g6330,N,N,1,4,
I8229,N,N,1,4,
g6405,N,N,1,4,
g6405[OL],N,Y,1,4,
g5880,N,N,1,4,
g6132,N,N,1,4,
I8005,N,N,1,5,
g6285,N,N,1,5,
g6409,N,N,1,5,
g6516,N,N,1,5,
g6117,N,N,1,4,
g6620,N,N,1,5,
g6658,N,N,1,5,
I8843,N,N,1,5,
g6711,N,N,1,6,
I8881,N,N,1,6,
g6729,N,N,1,6,
g6729[OL],N,Y,1,6,
g574[IL],Y,N,0,0,
g586[IL],Y,N,0,0,
g582[IL],Y,N,0,0,
g578[IL],Y,N,0,0,
g631[IL],Y,N,0,0,
g628[IL],Y,N,0,0,
g625[IL],Y,N,0,0,
g3421,N,N,1,1,
g3810,N,N,1,1,
g4199,N,N,1,1,
g4541,N,N,1,1,
g4708,N,N,1,1,
g4874,N,N,1,1,
g5194,N,N,1,1,
g5364,N,N,1,2,
g590[IL],Y,N,0,0,
I7311,N,N,1,2,
I7312,N,N,1,2,
I7313,N,N,1,2,
g5565,N,N,1,2,
I7358,N,N,1,2,
g5596,N,N,1,2,
I7501,N,N,1,2,
g5740,N,N,1,3,
g594[IL],Y,N,0,0,
g5515,N,N,1,2,
g5602,N,N,1,2,
g5741,N,N,1,2,
g5926,N,N,1,2,
g6164,N,N,1,2,
g6302,N,N,1,3,
I7835,N,N,1,2,
g6121,N,N,1,2,
g6437,N,N,1,3,
I8509,N,N,1,3,
g6531,N,N,1,3,
I8653,N,N,1,3,
g6595,N,N,1,3,
g6595[OL],N,Y,1,3,
g551[IL],Y,N,0,0,
g3480,N,N,1,1,
g3764,N,N,1,1,
g6769,N,N,1,5,
g6789,N,N,1,5,
I8994,N,N,1,5,
g6819,N,N,1,6,
I9011,N,N,1,6,
g6826,N,N,1,6,
g6826[OL],N,Y,1,6,
I5106,N,N,1,1,
g3875,N,N,1,1,
I5484,N,N,1,1,
g4134,N,N,1,1,
g4134[OL],N,Y,1,1,
I2601,N,N,1,0,
g1640,N,N,1,0,
I3310,N,N,1,0,
g2173,N,N,1,0,
I4195,N,N,1,0,
g2998,N,N,1,1,
I2453,N,N,1,0,
g1450,N,N,1,0,
I3471,N,N,1,0,
g2317,N,N,1,0,
g2691,N,N,1,0,
g3614,N,N,1,1,
I2808,N,N,1,0,
g1771,N,N,1,0,
I3611,N,N,1,0,
g2484,N,N,1,0,
I3749,N,N,1,0,
g2609,N,N,1,1,
g3617,N,N,1,1,
g3841,N,N,1,1,
I7906,N,N,1,5,
g6194,N,N,1,5,
g6313,N,N,1,5,
g5251,N,N,1,2,
g1689,N,N,1,0,
I3445,N,N,1,1,
I3446,N,N,1,1,
I3447,N,N,1,1,
g2307,N,N,1,1,
g5443,N,N,1,2,
I3779,N,N,1,0,
g2637,N,N,1,0,
g3455,N,N,1,1,
g5494,N,N,1,2,
I2352,N,N,1,0,
g1333,N,N,1,0,
I3322,N,N,1,0,
g2177,N,N,1,0,
g3280,N,N,1,1,
g5624,N,N,1,2,
I7466,N,N,1,2,
g5705,N,N,1,3,
g1672,N,N,1,0,
g2056,N,N,1,1,
g5818,N,N,1,4,
g5958,N,N,1,5,
g6124,N,N,1,5,
g5821,N,N,1,4,
g5975,N,N,1,5,
g6127,N,N,1,5,
I2857,N,N,1,0,
g1806,N,N,1,0,
I3212,N,N,1,0,
g2096,N,N,1,0,
I4420,N,N,1,0,
g3183,N,N,1,1,
g1683,N,N,1,0,
g5854,N,N,1,4,
g5997,N,N,1,5,
g6144,N,N,1,5,
I8367,N,N,1,6,
g6015,N,N,1,5,
g6148,N,N,1,5,
I2460,N,N,1,0,
g1461,N,N,1,0,
I3509,N,N,1,0,
g2357,N,N,1,0,
g2764,N,N,1,0,
g3649,N,N,1,1,
g3657,N,N,1,1,
g3873,N,N,1,1,
I7910,N,N,1,5,
g6212,N,N,1,5,
g6321,N,N,1,5,
g410[IL],Y,N,0,0,
g1472,N,N,1,0,
g266[IL],Y,N,0,0,
g1416,N,N,1,0,
g1879,N,N,1,0,
g4240,N,N,1,1,
I6126,N,N,1,1,
g4550,N,N,1,1,
g1514,N,N,1,0,
g2897,N,N,1,1,
g4680,N,N,1,1,
g4950,N,N,1,2,
g5176,N,N,1,2,
g453[IL],Y,N,0,0,
g4877,N,N,1,2,
g5184,N,N,1,2,
I8368,N,N,1,5,
g1583,N,N,1,0,
g1543,N,N,1,0,
g2107,N,N,1,1,
g4674,N,N,1,2,
g1477,N,N,1,0,
g4993,N,N,1,2,
g5165,N,N,1,2,
g4967,N,N,1,2,
g5159,N,N,1,2,
g2101,N,N,1,0,
g4678,N,N,1,1,
g4980,N,N,1,2,
g5233,N,N,1,2,
g293[IL],Y,N,0,0,
g1680,N,N,1,0,
g4669,N,N,1,1,
g4915,N,N,1,2,
g5240,N,N,1,2,
I8369,N,N,1,3,
g562,Y,N,0,0,
g1575,N,N,1,0,
g1550,N,N,1,0,
g2073,N,N,1,1,
g4814,N,N,1,1,
g5025,N,N,1,1,
g5214,N,N,1,2,
I8126,N,N,1,5,
I8127,N,N,1,5,
g1560,N,N,1,0,
g1559,N,N,1,0,
g4812,N,N,1,1,
g4904,N,N,1,1,
g1518,N,N,1,0,
g4816,N,N,1,1,
g4914,N,N,1,1,
g4813,N,N,1,1,
g4894,N,N,1,1,
g5202,N,N,1,2,
I8128,N,N,1,2,
I8129,N,N,1,2,
g6358,N,N,1,6,
I8370,N,N,1,6,
g6481,N,N,1,6,
I8497,N,N,1,6,
g6527,N,N,1,6,
I8665,N,N,1,6,
g6599,N,N,1,6,
g6599[OL],N,Y,1,7,
g1027,N,N,1,0,
g1570,N,N,1,0,
g2092,N,N,1,0,
I4444,N,N,1,1,
I4445,N,N,1,1,
I4446,N,N,1,1,
g3207,N,N,1,1,
I4688,N,N,1,1,
g3450,N,N,1,1,
I5148,N,N,1,1,
g3911,N,N,1,1,
g1655,N,N,1,0,
g4219,N,N,1,2,
I6132,N,N,1,2,
g4562,N,N,1,2,
I6464,N,N,1,2,
g4798,N,N,1,2,
I6579,N,N,1,2,
g4857,N,N,1,2,
g4857[OL],N,Y,1,2,
I6635,N,N,1,2,
g4943,N,N,1,2,
g5264,N,N,1,2,
g5380,N,N,1,2,
I5637,N,N,1,1,
g4215,N,N,1,1,
g4587,N,N,1,1,
g4756,N,N,1,2,
g4491,N,N,1,1,
g4866,N,N,1,2,
I6377,N,N,1,2,
g4753,N,N,1,2,
g5092,N,N,1,2,
g5217,N,N,1,2,
g193[IL],Y,N,0,0,
g4949,N,N,1,2,
g5377,N,N,1,3,
I7244,N,N,1,3,
I7245,N,N,1,3,
I7246,N,N,1,3,
g5508,N,N,1,3,
g5621,N,N,1,3,
g5817,N,N,1,3,
I7267,N,N,1,2,
g5527,N,N,1,2,
g5670,N,N,1,2,
g5911,N,N,1,3,
I5618,N,N,1,1,
g4198,N,N,1,2,
g4566,N,N,1,2,
I6359,N,N,1,2,
g4731,N,N,1,2,
I6706,N,N,1,2,
g5064,N,N,1,2,
g5619,N,N,1,3,
g6118,N,N,1,4,
I8074,N,N,1,4,
g6332,N,N,1,4,
I8232,N,N,1,4,
g6406,N,N,1,4,
g6406[OL],N,Y,1,4,
g2909,N,N,1,1,
I4526,N,N,1,1,
I4527,N,N,1,1,
I4528,N,N,1,1,
g3246,N,N,1,1,
I5050,N,N,1,1,
g3845,N,N,1,1,
I5702,N,N,1,1,
g4250,N,N,1,2,
g1671,N,N,1,0,
g4501,N,N,1,2,
I6437,N,N,1,2,
g4781,N,N,1,2,
I6740,N,N,1,2,
g5110,N,N,1,2,
I6812,N,N,1,2,
g5148,N,N,1,2,
g5148[OL],N,Y,1,3,
g326[IL],Y,N,0,0,
g3728,N,N,1,1,
I5433,N,N,1,1,
g4117,N,N,1,1,
g4117[OL],N,Y,1,1,
I7058,N,N,1,2,
g5392,N,N,1,2,
g5570,N,N,1,2,
g5665,N,N,1,2,
I6918,N,N,1,2,
g5261,N,N,1,2,
g5439,N,N,1,2,
I7295,N,N,1,2,
g5551,N,N,1,2,
g366[IL],Y,N,0,0,
g5398,N,N,1,2,
g5659,N,N,1,3,
I7520,N,N,1,3,
I7521,N,N,1,3,
I7522,N,N,1,3,
g5775,N,N,1,3,
g5937,N,N,1,3,
g6246,N,N,1,3,
I7583,N,N,1,2,
g5784,N,N,1,2,
g6065,N,N,1,2,
g6336,N,N,1,3,
I5686,N,N,1,1,
g4242,N,N,1,2,
g4617,N,N,1,2,
I6417,N,N,1,2,
g4771,N,N,1,2,
I6750,N,N,1,2,
g5112,N,N,1,2,
g5935,N,N,1,3,
g6440,N,N,1,4,
I8527,N,N,1,4,
g6537,N,N,1,4,
I8614,N,N,1,4,
g6582,N,N,1,4,
g6582[OL],N,Y,1,4,
I4334,N,N,1,0,
g3093,N,N,1,0,
I4486,N,N,1,0,
g3229,N,N,1,1,
g3229[OL],N,Y,1,1,
g3906,N,N,1,1,
g4185,N,N,1,1,
I6051,N,N,1,1,
g4513,N,N,1,1,
g4717,N,N,1,1,
g4903,N,N,1,1,
g5220,N,N,1,1,
I6995,N,N,1,2,
g5331,N,N,1,2,
g5550,N,N,1,2,
g5663,N,N,1,2,
g394[IL],Y,N,0,0,
g5488,N,N,1,2,
g5700,N,N,1,2,
g5700[OL],N,Y,1,2,
I5023,N,N,1,1,
g3832,N,N,1,1,
I5490,N,N,1,1,
g4136,N,N,1,1,
g4136[OL],N,Y,1,1,
I4159,N,N,1,1,
I4160,N,N,1,1,
I4161,N,N,1,1,
g2966,N,N,1,1,
I4593,N,N,1,1,
g3318,N,N,1,1,
I5019,N,N,1,1,
g3830,N,N,1,1,
g1533,N,N,1,0,
g4157,N,N,1,2,
I5998,N,N,1,2,
g4492,N,N,1,2,
I6403,N,N,1,2,
g4765,N,N,1,2,
I6582,N,N,1,2,
g4858,N,N,1,2,
g4858[OL],N,Y,1,2,
g2255,N,N,1,1,
I4203,N,N,1,1,
I4204,N,N,1,1,
I4205,N,N,1,1,
g3012,N,N,1,1,
g5326,N,N,1,2,
I3808,N,N,1,0,
g2664,N,N,1,0,
g3459,N,N,1,1,
g5351,N,N,1,2,
I2334,N,N,1,0,
g1327,N,N,1,0,
I3346,N,N,1,0,
g2213,N,N,1,0,
g3290,N,N,1,1,
g5533,N,N,1,2,
I7352,N,N,1,2,
g5590,N,N,1,2,
I7514,N,N,1,3,
g5773,N,N,1,3,
I7640,N,N,1,3,
g5876,N,N,1,3,
g5876[OL],N,Y,1,3,
I3965,N,N,1,0,
g2777,N,N,1,0,
I4516,N,N,1,0,
g3239,N,N,1,1,
g3239[OL],N,Y,1,1,
g390[IL],Y,N,0,0,
g3902,N,N,1,1,
g4179,N,N,1,1,
I6033,N,N,1,1,
g4507,N,N,1,1,
g5545,N,N,1,2,
g5648,N,N,1,2,
g386[IL],Y,N,0,0,
g5486,N,N,1,2,
g5698,N,N,1,2,
g5698[OL],N,Y,1,2,
I5292,N,N,1,1,
I5293,N,N,1,1,
I5294,N,N,1,1,
g4002,N,N,1,1,
I5562,N,N,1,1,
g4162,N,N,1,1,
I6001,N,N,1,2,
g4493,N,N,1,2,
g1542,N,N,1,0,
g4687,N,N,1,2,
I6646,N,N,1,2,
g5010,N,N,1,2,
I6895,N,N,1,2,
g5230,N,N,1,2,
I6986,N,N,1,2,
g5328,N,N,1,3,
g5328[OL],N,Y,1,3,
I5091,N,N,1,1,
g3866,N,N,1,1,
I5481,N,N,1,1,
g4133,N,N,1,1,
g4133[OL],N,Y,1,1,
g437[IL],Y,N,0,0,
g3777,N,N,1,1,
g4354,N,N,1,2,
g441[IL],Y,N,0,0,
g4032,N,N,1,1,
g4433,N,N,1,2,
I6289,N,N,1,2,
g4699,N,N,1,2,
I6549,N,N,1,2,
g4847,N,N,1,2,
g4847[OL],N,Y,1,2,
g5325,N,N,1,2,
I3770,N,N,1,0,
g2628,N,N,1,0,
g3453,N,N,1,1,
g5350,N,N,1,2,
I2379,N,N,1,0,
g1344,N,N,1,0,
I3316,N,N,1,0,
g2175,N,N,1,0,
g3278,N,N,1,1,
g5532,N,N,1,2,
I7349,N,N,1,2,
g5587,N,N,1,2,
I7509,N,N,1,3,
g5752,N,N,1,3,
I7643,N,N,1,3,
g5877,N,N,1,3,
g5877[OL],N,Y,1,3,
I2614,N,N,1,0,
g1645,N,N,1,0,
I2910,N,N,1,0,
g1832,N,N,1,0,
I3836,N,N,1,0,
g2688,N,N,1,1,
I3452,N,N,1,0,
g2308,N,N,1,0,
g2663,N,N,1,0,
g3602,N,N,1,1,
I2839,N,N,1,0,
g1789,N,N,1,0,
I3569,N,N,1,0,
g2436,N,N,1,0,
I3729,N,N,1,0,
g2599,N,N,1,1,
g3608,N,N,1,1,
g3833,N,N,1,1,
g6326,N,N,1,5,
g5324,N,N,1,2,
I3755,N,N,1,0,
g2615,N,N,1,0,
g3451,N,N,1,1,
g5349,N,N,1,2,
I2370,N,N,1,0,
g1339,N,N,1,0,
I3307,N,N,1,0,
g2172,N,N,1,0,
g3275,N,N,1,1,
g5531,N,N,1,2,
I7346,N,N,1,2,
g5584,N,N,1,2,
g6135,N,N,1,5,
g6140,N,N,1,5,
I2877,N,N,1,0,
g1819,N,N,1,0,
I3198,N,N,1,0,
g2086,N,N,1,0,
I4398,N,N,1,0,
g3158,N,N,1,1,
g6157,N,N,1,5,
I8345,N,N,1,6,
g6159,N,N,1,5,
I3481,N,N,1,0,
g2327,N,N,1,0,
g2738,N,N,1,0,
g3629,N,N,1,1,
g3636,N,N,1,1,
g3858,N,N,1,1,
g6334,N,N,1,5,
g402[IL],Y,N,0,0,
g5163,N,N,1,2,
g5191,N,N,1,2,
I8346,N,N,1,5,
g1043,N,N,1,0,
g5188,N,N,1,2,
g5157,N,N,1,2,
g5154,N,N,1,2,
g5193,N,N,1,2,
I8347,N,N,1,2,
g545[IL],Y,N,0,0,
g5229,N,N,1,2,
g5234,N,N,1,2,
g5218,N,N,1,2,
g669[IL],Y,N,0,0,
g5054,N,N,1,1,
g5225,N,N,1,2,
I8348,N,N,1,2,
I8349,N,N,1,6,
I8079,N,N,1,5,
I8080,N,N,1,5,
I8081,N,N,1,2,
I8082,N,N,1,2,
g6335,N,N,1,6,
g6479,N,N,1,6,
I8485,N,N,1,6,
g6523,N,N,1,6,
I8659,N,N,1,6,
g6597,N,N,1,6,
g6597[OL],N,Y,1,7,
g331[IL],Y,N,0,0,
g3731,N,N,1,1,
I5442,N,N,1,1,
g4120,N,N,1,1,
g4120[OL],N,Y,1,1,
I3886,N,N,1,0,
g2726,N,N,1,0,
I4504,N,N,1,0,
g3235,N,N,1,1,
g3235[OL],N,Y,1,1,
I5027,N,N,1,1,
g3834,N,N,1,1,
I5493,N,N,1,1,
g4137,N,N,1,1,
g4137[OL],N,Y,1,1,
I2854,N,N,1,0,
g1805,N,N,1,0,
I3370,N,N,1,0,
g2241,N,N,1,0,
I4291,N,N,1,0,
g3064,N,N,1,1,
g844,N,N,1,0,
g1270,N,N,1,0,
I3161,N,N,1,0,
g2044,N,N,1,0,
I3794,N,N,1,0,
g2650,N,N,1,0,
g3501,N,N,1,0,
g3763,N,N,1,1,
I2570,N,N,1,0,
g1608,N,N,1,0,
I3355,N,N,1,0,
g2230,N,N,1,0,
I4279,N,N,1,0,
g3054,N,N,1,1,
g3296,N,N,1,1,
g4239,N,N,1,1,
g845,N,N,1,0,
g1257,N,N,1,0,
I2958,N,N,1,0,
g1854,N,N,1,0,
g2882,N,N,1,0,
g4442,N,N,1,1,
I2578,N,N,1,0,
g1623,N,N,1,0,
I3343,N,N,1,0,
g2212,N,N,1,0,
I4264,N,N,1,0,
g3043,N,N,1,1,
I3909,N,N,1,0,
g2740,N,N,1,0,
g3519,N,N,1,0,
g3780,N,N,1,1,
I2588,N,N,1,0,
g1631,N,N,1,0,
I3331,N,N,1,0,
g2194,N,N,1,0,
I4246,N,N,1,0,
g3031,N,N,1,1,
g3362,N,N,1,1,
g4235,N,N,1,1,
g4445,N,N,1,1,
g4774,N,N,1,2,
g846,N,N,1,0,
g1263,N,N,1,0,
I2979,N,N,1,0,
g1884,N,N,1,0,
g2891,N,N,1,0,
g4868,N,N,1,2,
I2593,N,N,1,0,
g1636,N,N,1,0,
I3319,N,N,1,0,
g2176,N,N,1,0,
I4223,N,N,1,0,
g3016,N,N,1,1,
I3864,N,N,1,0,
g2709,N,N,1,0,
g3510,N,N,1,0,
g3774,N,N,1,1,
g3341,N,N,1,1,
g4241,N,N,1,1,
I3044,N,N,1,0,
g1937,N,N,1,0,
g2919,N,N,1,0,
g4461,N,N,1,1,
I2608,N,N,1,0,
g1643,N,N,1,0,
I2916,N,N,1,0,
g1834,N,N,1,0,
I3861,N,N,1,0,
g2706,N,N,1,1,
I3819,N,N,1,0,
g2675,N,N,1,0,
g3504,N,N,1,0,
g3767,N,N,1,1,
g3319,N,N,1,1,
g4272,N,N,1,1,
g4464,N,N,1,1,
g4779,N,N,1,2,
g4870,N,N,1,2,
g5249,N,N,1,2,
g843,N,N,1,0,
g1267,N,N,1,0,
I3001,N,N,1,0,
g1902,N,N,1,0,
g2903,N,N,1,0,
g5354,N,N,1,2,
I2738,N,N,1,0,
g1732,N,N,1,0,
I3691,N,N,1,0,
g2580,N,N,1,0,
I3816,N,N,1,0,
g2672,N,N,1,1,
I3791,N,N,1,0,
g2647,N,N,1,0,
g3500,N,N,1,0,
g3762,N,N,1,1,
I2741,N,N,1,0,
g1733,N,N,1,0,
I3684,N,N,1,0,
g2575,N,N,1,0,
I3804,N,N,1,0,
g2660,N,N,1,1,
g3295,N,N,1,1,
g4261,N,N,1,1,
I2998,N,N,1,0,
g1899,N,N,1,0,
g2902,N,N,1,0,
g4457,N,N,1,1,
I2749,N,N,1,0,
g1739,N,N,1,0,
I3669,N,N,1,0,
g2554,N,N,1,0,
I3788,N,N,1,0,
g2644,N,N,1,1,
I3776,N,N,1,0,
g2634,N,N,1,0,
g3498,N,N,1,0,
g3759,N,N,1,1,
I2760,N,N,1,0,
g1747,N,N,1,0,
I3647,N,N,1,0,
g2524,N,N,1,0,
I3773,N,N,1,0,
g2631,N,N,1,1,
g3288,N,N,1,1,
g4245,N,N,1,1,
g4459,N,N,1,1,
g4777,N,N,1,2,
I2949,N,N,1,0,
g1849,N,N,1,0,
g2874,N,N,1,0,
g4863,N,N,1,2,
I2782,N,N,1,0,
g1759,N,N,1,0,
I3629,N,N,1,0,
g2505,N,N,1,0,
I3761,N,N,1,0,
g2619,N,N,1,1,
I3764,N,N,1,0,
g2622,N,N,1,0,
g3487,N,N,1,0,
g3757,N,N,1,1,
g3283,N,N,1,1,
g4266,N,N,1,1,
I2964,N,N,1,0,
g1858,N,N,1,0,
g2887,N,N,1,0,
g4449,N,N,1,1,
I2825,N,N,1,0,
g1781,N,N,1,0,
I3590,N,N,1,0,
g2460,N,N,1,0,
I3736,N,N,1,0,
g2604,N,N,1,1,
I3752,N,N,1,0,
g2612,N,N,1,0,
g3481,N,N,1,0,
g3755,N,N,1,1,
g3279,N,N,1,1,
g4238,N,N,1,1,
g4453,N,N,1,1,
g4776,N,N,1,2,
g4865,N,N,1,2,
g5265,N,N,1,2,
g5356,N,N,1,2,
g5552,N,N,1,3,
g5685,N,N,1,3,
g5787,N,N,1,3,
g848,N,N,1,0,
g1279,N,N,1,0,
g847,N,N,1,0,
g1276,N,N,1,0,
g2025,N,N,1,0,
I4040,N,N,1,1,
g2834,N,N,1,1,
g3384,N,N,1,1,
g5909,N,N,1,3,
I3125,N,N,1,0,
I3126,N,N,1,0,
I3127,N,N,1,0,
g2024,N,N,1,1,
g3806,N,N,1,1,
g6142,N,N,1,3,
I8040,N,N,1,3,
g6312,N,N,1,3,
I8235,N,N,1,3,
g6407,N,N,1,4,
g6407[OL],N,Y,1,4,
g157[IL],Y,N,0,0,
g3773,N,N,1,1,
g4346,N,N,1,1,
I5933,N,N,1,1,
g4428,N,N,1,1,
g4402,N,N,1,1,
g4640,N,N,1,1,
g4662,N,N,1,1,
I6737,N,N,1,1,
g5099,N,N,1,1,
g5155,N,N,1,2,
g5359,N,N,1,2,
g148[IL],Y,N,0,0,
g5142,N,N,1,2,
g5470,N,N,1,2,
g5470[OL],N,Y,1,2,
I3871,N,N,1,0,
g2716,N,N,1,0,
g3483,N,N,1,1,
g6771,N,N,1,5,
I2327,N,N,1,0,
g1324,N,N,1,0,
I3388,N,N,1,0,
g2253,N,N,1,0,
g3323,N,N,1,1,
g6793,N,N,1,5,
I8981,N,N,1,5,
g6809,N,N,1,6,
I9031,N,N,1,6,
g6836,N,N,1,6,
I9044,N,N,1,6,
g6841,N,N,1,6,
g6841[OL],N,Y,1,6,
I5071,N,N,1,1,
g3854,N,N,1,1,
I5529,N,N,1,1,
g4149,N,N,1,1,
g4149[OL],N,Y,1,1,
I7686,N,N,1,3,
g5918,N,N,1,3,
I7799,N,N,1,3,
g6101,N,N,1,3,
g6101[OL],N,Y,1,3,
g449[IL],Y,N,0,0,
g3798,N,N,1,1,
g4389,N,N,1,2,
g4047,N,N,1,1,
g4450,N,N,1,2,
I6324,N,N,1,2,
g4714,N,N,1,2,
I6540,N,N,1,2,
g4844,N,N,1,2,
g4844[OL],N,Y,1,2,
g117[IL],Y,N,0,0,
g3724,N,N,1,1,
I5421,N,N,1,1,
g4113,N,N,1,1,
g4113[OL],N,Y,1,1,
g5753,N,N,1,4,
g5886,N,N,1,4,
g6238,N,N,1,4,
g6079,N,N,1,4,
g6286,N,N,1,5,
I8243,N,N,1,5,
g6411,N,N,1,5,
I8432,N,N,1,5,
g6504,N,N,1,5,
g6504[OL],N,Y,1,5,
I4255,N,N,1,0,
g3040,N,N,1,0,
I4471,N,N,1,0,
g3224,N,N,1,1,
g3224[OL],N,Y,1,1,
g426[IL],Y,N,0,0,
g3802,N,N,1,1,
g4401,N,N,1,2,
g422[IL],Y,N,0,0,
g4057,N,N,1,1,
g4458,N,N,1,2,
I6343,N,N,1,2,
g4721,N,N,1,2,
I6573,N,N,1,2,
g4855,N,N,1,2,
g4855[OL],N,Y,1,2,
I2897,N,N,1,0,
I2898,N,N,1,0,
I2899,N,N,1,0,
g1829,N,N,1,0,
I3158,N,N,1,1,
g2043,N,N,1,1,
I4123,N,N,1,1,
g2933,N,N,1,1,
g1660,N,N,1,0,
g3454,N,N,1,1,
I5157,N,N,1,1,
g3922,N,N,1,1,
I5756,N,N,1,1,
g4299,N,N,1,2,
I5923,N,N,1,2,
g4424,N,N,1,2,
g4424[OL],N,Y,1,2,
g5227,N,N,1,4,
g5386,N,N,1,4,
I7333,N,N,1,4,
g5579,N,N,1,4,
I7342,N,N,1,5,
g5582,N,N,1,5,
g5582[OL],N,Y,1,5,
g5903,N,N,1,4,
g6265,N,N,1,4,
g6098,N,N,1,4,
g6309,N,N,1,5,
I8282,N,N,1,5,
g6424,N,N,1,5,
I8426,N,N,1,5,
g6502,N,N,1,5,
g6502[OL],N,Y,1,5,
g1716,N,N,1,1,
g2294,N,N,1,1,
I4210,N,N,1,1,
I4211,N,N,1,1,
I4212,N,N,1,1,
g3013,N,N,1,1,
g4549,N,N,1,2,
g5454,N,N,1,2,
I3843,N,N,1,0,
g2695,N,N,1,0,
g3478,N,N,1,1,
g5501,N,N,1,2,
I2337,N,N,1,0,
g1328,N,N,1,0,
I3376,N,N,1,0,
g2243,N,N,1,0,
g3309,N,N,1,1,
g5630,N,N,1,2,
I7484,N,N,1,3,
g5723,N,N,1,3,
I7704,N,N,1,3,
g5924,N,N,1,3,
I7817,N,N,1,3,
g6107,N,N,1,3,
g6107[OL],N,Y,1,3,
g175[IL],Y,N,0,0,
g3779,N,N,1,1,
g4356,N,N,1,1,
I5944,N,N,1,1,
g4435,N,N,1,1,
g5168,N,N,1,2,
g5361,N,N,1,2,
g166[IL],Y,N,0,0,
g5144,N,N,1,2,
g5472,N,N,1,2,
g5472[OL],N,Y,1,2,
I3474,N,N,1,0,
g2320,N,N,1,0,
g2712,N,N,1,0,
g3618,N,N,1,1,
g3625,N,N,1,1,
g3849,N,N,1,1,
g6315,N,N,1,5,
g6126,N,N,1,5,
I3188,N,N,1,1,
I3189,N,N,1,1,
I3190,N,N,1,1,
g2080,N,N,1,1,
g5246,N,N,1,2,
g5449,N,N,1,2,
I3811,N,N,1,0,
g2667,N,N,1,0,
g3460,N,N,1,1,
g5498,N,N,1,2,
I2355,N,N,1,0,
g1334,N,N,1,0,
I3349,N,N,1,0,
g2214,N,N,1,0,
g3292,N,N,1,1,
g5628,N,N,1,2,
I7478,N,N,1,2,
g5717,N,N,1,3,
g6129,N,N,1,5,
I2842,N,N,1,0,
g1790,N,N,1,0,
I3222,N,N,1,0,
g2102,N,N,1,0,
I4429,N,N,1,0,
g3192,N,N,1,1,
g6146,N,N,1,5,
I8376,N,N,1,6,
g6150,N,N,1,5,
I3525,N,N,1,0,
g2378,N,N,1,0,
g2776,N,N,1,0,
g3658,N,N,1,1,
g3665,N,N,1,1,
g3880,N,N,1,1,
g6324,N,N,1,5,
g414[IL],Y,N,0,0,
g5180,N,N,1,2,
g5181,N,N,1,2,
I8377,N,N,1,5,
g5173,N,N,1,2,
g5166,N,N,1,2,
g5235,N,N,1,2,
g5245,N,N,1,2,
I8378,N,N,1,3,
g561,Y,N,0,0,
g5212,N,N,1,2,
I8117,N,N,1,5,
I8118,N,N,1,5,
I8119,N,N,1,2,
I8120,N,N,1,2,
g6357,N,N,1,6,
I8379,N,N,1,6,
g6482,N,N,1,6,
I8479,N,N,1,6,
g6521,N,N,1,6,
I8674,N,N,1,6,
g6602,N,N,1,6,
g6602[OL],N,Y,1,7,
I6194,N,N,1,1,
I6195,N,N,1,1,
I6196,N,N,1,1,
g4613,N,N,1,1,
I6283,N,N,1,2,
g4693,N,N,1,2,
I6649,N,N,1,2,
g5011,N,N,1,2,
g1556,N,N,1,0,
g5167,N,N,1,2,
I7045,N,N,1,2,
g5383,N,N,1,2,
I7284,N,N,1,2,
g5540,N,N,1,3,
I7339,N,N,1,3,
g5581,N,N,1,3,
g5581[OL],N,Y,1,3,
I7077,N,N,1,2,
g5411,N,N,1,2,
g5575,N,N,1,2,
g5677,N,N,1,2,
I5743,N,N,1,1,
g4286,N,N,1,1,
g4636,N,N,1,1,
g4791,N,N,1,2,
g4597,N,N,1,1,
g5018,N,N,1,2,
I6942,N,N,1,2,
g5292,N,N,1,2,
g5450,N,N,1,2,
g5558,N,N,1,3,
g5419,N,N,1,2,
g5674,N,N,1,3,
I7555,N,N,1,3,
I7556,N,N,1,3,
I7557,N,N,1,3,
g5780,N,N,1,3,
g5951,N,N,1,3,
g6268,N,N,1,3,
I7600,N,N,1,2,
g5801,N,N,1,2,
g6078,N,N,1,2,
g6343,N,N,1,4,
I5716,N,N,1,1,
g4265,N,N,1,2,
g4624,N,N,1,2,
I6441,N,N,1,2,
g4783,N,N,1,2,
I6766,N,N,1,2,
g5118,N,N,1,2,
g5945,N,N,1,3,
g6453,N,N,1,4,
I8544,N,N,1,4,
g6544,N,N,1,4,
I8629,N,N,1,4,
g6587,N,N,1,4,
g6587[OL],N,Y,1,4,
I5124,N,N,1,1,
g3885,N,N,1,1,
I5517,N,N,1,1,
g4145,N,N,1,1,
g4145[OL],N,Y,1,1,
g1407,N,N,1,0,
I3053,N,N,1,0,
g1946,N,N,1,0,
I3708,N,N,1,0,
g2585,N,N,1,0,
g2585[OL],N,Y,1,1,
g457[IL],Y,N,0,0,
g3791,N,N,1,1,
g4377,N,N,1,2,
g4041,N,N,1,1,
g4443,N,N,1,2,
I6308,N,N,1,2,
g4706,N,N,1,2,
I6534,N,N,1,2,
g4842,N,N,1,2,
g4842[OL],N,Y,1,2,
g1587,N,N,1,0,
I2946,N,N,1,0,
g1848,N,N,1,0,
I3711,N,N,1,0,
g2586,N,N,1,0,
g2586[OL],N,Y,1,1,
g664[IL],Y,N,0,0,
I1942,N,N,1,0,
g917,N,N,1,0,
I2278,N,N,1,0,
g1291,N,N,1,0,
g1291[OL],N,Y,1,0,
g327[IL],Y,N,0,0,
g3729,N,N,1,1,
I5436,N,N,1,1,
g4118,N,N,1,1,
g4118[OL],N,Y,1,1,
I4273,N,N,1,0,
g3052,N,N,1,0,
I4474,N,N,1,0,
g3225,N,N,1,1,
g3225[OL],N,Y,1,1,
g418[IL],Y,N,0,0,
g3799,N,N,1,1,
g4390,N,N,1,2,
g4048,N,N,1,1,
g4451,N,N,1,2,
I6327,N,N,1,2,
g4715,N,N,1,2,
I6567,N,N,1,2,
g4853,N,N,1,2,
g4853[OL],N,Y,1,2,
g3786,N,N,1,1,
g4363,N,N,1,2,
I2159,N,N,1,0,
g1119,N,N,1,0,
g1358,N,N,1,0,
g2323,N,N,1,0,
g1763,N,N,1,0,
g2896,N,N,1,1,
g4037,N,N,1,2,
g4438,N,N,1,2,
I6299,N,N,1,2,
g4703,N,N,1,2,
I6555,N,N,1,2,
g4849,N,N,1,2,
g4849[OL],N,Y,1,2,
I2190,N,N,1,0,
g1176,N,N,1,0,
I2358,N,N,1,0,
g1335,N,N,1,0,
g1551,N,N,1,0,
g5686,N,N,1,4,
g5742,N,N,1,4,
g5895,N,N,1,4,
g6255,N,N,1,4,
g6093,N,N,1,4,
g6298,N,N,1,5,
I8261,N,N,1,5,
g6417,N,N,1,5,
I8456,N,N,1,5,
g6512,N,N,1,5,
g6512[OL],N,Y,1,5,
I3830,N,N,1,0,
g2686,N,N,1,0,
I4498,N,N,1,0,
g3233,N,N,1,1,
g3233[OL],N,Y,1,1,
g3792,N,N,1,1,
g4378,N,N,1,2,
g406[IL],Y,N,0,0,
g4042,N,N,1,1,
g4444,N,N,1,2,
I6311,N,N,1,2,
g4707,N,N,1,2,
I6561,N,N,1,2,
g4851,N,N,1,2,
g4851[OL],N,Y,1,2,
g3778,N,N,1,1,
g4355,N,N,1,2,
g4033,N,N,1,1,
g4434,N,N,1,2,
I6292,N,N,1,2,
g4700,N,N,1,2,
I6576,N,N,1,2,
g4856,N,N,1,2,
g4856[OL],N,Y,1,2,
I3513,N,N,1,0,
g2361,N,N,1,0,
g2766,N,N,1,0,
g3651,N,N,1,1,
g3659,N,N,1,1,
g3877,N,N,1,1,
g6323,N,N,1,5,
g1632,N,N,1,0,
g2121,N,N,1,0,
g6469,N,N,1,4,
g6555,N,N,1,4,
g6676,N,N,1,5,
g6538,N,N,1,4,
g6625,N,N,1,4,
g6557,N,N,1,4,
g1638,N,N,1,0,
g2137,N,N,1,0,
g2948,N,N,1,1,
g6670,N,N,1,5,
g6714,N,N,1,5,
g4271,N,N,1,2,
g5083,N,N,1,2,
g5237,N,N,1,2,
g6737,N,N,1,5,
g6754,N,N,1,5,
I3868,N,N,1,0,
g2713,N,N,1,0,
g3482,N,N,1,1,
g6770,N,N,1,5,
I2309,N,N,1,0,
g1318,N,N,1,0,
I3385,N,N,1,0,
g2252,N,N,1,0,
g3321,N,N,1,1,
g6792,N,N,1,5,
I8978,N,N,1,5,
g6806,N,N,1,6,
g6829,N,N,1,6,
I3890,N,N,1,0,
g2728,N,N,1,0,
g3488,N,N,1,1,
g6777,N,N,1,5,
I2318,N,N,1,0,
g1321,N,N,1,0,
I3405,N,N,1,0,
g2264,N,N,1,0,
g3333,N,N,1,1,
g6794,N,N,1,5,
I8984,N,N,1,5,
g6812,N,N,1,6,
g6831,N,N,1,6,
I2763,N,N,1,0,
g1748,N,N,1,0,
I3271,N,N,1,0,
g2154,N,N,1,0,
I3717,N,N,1,0,
g2588,N,N,1,1,
g6155,N,N,1,5,
I9064,N,N,1,6,
g6158,N,N,1,5,
I3608,N,N,1,0,
g2481,N,N,1,0,
g2826,N,N,1,0,
g3689,N,N,1,1,
g3697,N,N,1,1,
g3896,N,N,1,1,
g6333,N,N,1,5,
g5152,N,N,1,2,
g434[IL],Y,N,0,0,
g5156,N,N,1,2,
I9065,N,N,1,5,
g5189,N,N,1,2,
g557,Y,N,0,0,
g5269,N,N,1,2,
I8208,N,N,1,5,
I8209,N,N,1,5,
I8210,N,N,1,2,
I8211,N,N,1,2,
g6400,N,N,1,6,
I9066,N,N,1,6,
g6845,N,N,1,6,
I9077,N,N,1,7,
g6850,N,N,1,7,
I9085,N,N,1,7,
g6854,N,N,1,7,
g6854[OL],N,Y,1,7,
g1049,N,N,1,0,
I2479,N,N,1,0,
g1498,N,N,1,0,
I2907,N,N,1,0,
g1831,N,N,1,0,
g1831[OL],N,Y,1,0,
g3796,N,N,1,1,
g4383,N,N,1,2,
g4043,N,N,1,1,
g4446,N,N,1,2,
I6315,N,N,1,2,
g4711,N,N,1,2,
I6537,N,N,1,2,
g4843,N,N,1,2,
g4843[OL],N,Y,1,2,
I2169,N,N,1,0,
g1142,N,N,1,0,
I2340,N,N,1,0,
g1329,N,N,1,0,
g5889,N,N,1,4,
g6245,N,N,1,4,
g6086,N,N,1,4,
g6290,N,N,1,5,
I8246,N,N,1,5,
g6412,N,N,1,5,
I8450,N,N,1,5,
g6510,N,N,1,5,
g6510[OL],N,Y,1,5,
I7097,N,N,1,2,
I7098,N,N,1,2,
I7099,N,N,1,2,
g5431,N,N,1,2,
I7197,N,N,1,2,
g5493,N,N,1,2,
I7372,N,N,1,2,
g5615,N,N,1,2,
g6160,N,N,1,2,
g6288,N,N,1,3,
I7829,N,N,1,2,
g6119,N,N,1,2,
g6426,N,N,1,3,
I8488,N,N,1,3,
g6524,N,N,1,3,
I8641,N,N,1,3,
g6591,N,N,1,3,
g6591[OL],N,Y,1,3,
g3775,N,N,1,1,
g4349,N,N,1,2,
g445[IL],Y,N,0,0,
g4015,N,N,1,1,
g4430,N,N,1,2,
I6280,N,N,1,2,
g4692,N,N,1,2,
I6546,N,N,1,2,
g4846,N,N,1,2,
g4846[OL],N,Y,1,2,
g663[IL],Y,N,0,0,
I1924,N,N,1,0,
g899,N,N,1,0,
I2269,N,N,1,0,
g1288,N,N,1,0,
g1288[OL],N,Y,1,0,
g2958,N,N,1,0,
g3484,N,N,1,0,
I3739,N,N,1,1,
I3740,N,N,1,1,
I3741,N,N,1,1,
g2607,N,N,1,1,
g3489,N,N,1,1,
g3954,N,N,1,1,
g4473,N,N,1,2,
g4806,N,N,1,2,
g5047,N,N,1,2,
I6406,N,N,1,2,
g4766,N,N,1,2,
g5295,N,N,1,2,
I7113,N,N,1,2,
g5435,N,N,1,2,
I7170,N,N,1,3,
g5478,N,N,1,3,
g5478[OL],N,Y,1,3,
I9028,N,N,1,6,
g6835,N,N,1,6,
I9041,N,N,1,6,
g6840,N,N,1,6,
g6840[OL],N,Y,1,6,
I6962,N,N,1,1,
I6963,N,N,1,2,
I6964,N,N,1,2,
g5308,N,N,1,2,
I7002,N,N,1,2,
g5352,N,N,1,2,
I7270,N,N,1,2,
g5530,N,N,1,2,
g6163,N,N,1,2,
g6299,N,N,1,3,
I8300,N,N,1,3,
g6434,N,N,1,3,
I8503,N,N,1,3,
g6529,N,N,1,3,
I8650,N,N,1,3,
g6594,N,N,1,3,
g6594[OL],N,Y,1,3,
g3522,N,N,1,1,
g3907,N,N,1,1,
g4236,N,N,1,1,
I6175,N,N,1,1,
I6176,N,N,1,1,
I6177,N,N,1,1,
g4608,N,N,1,1,
I6253,N,N,1,2,
g4660,N,N,1,2,
I6612,N,N,1,2,
g4910,N,N,1,2,
g1480,N,N,1,0,
g5149,N,N,1,2,
I7029,N,N,1,2,
g5375,N,N,1,2,
I7276,N,N,1,2,
g5534,N,N,1,3,
I7336,N,N,1,3,
g5580,N,N,1,3,
g5580[OL],N,Y,1,3,
I3499,N,N,1,0,
g2347,N,N,1,0,
g2754,N,N,1,0,
g3642,N,N,1,1,
g3650,N,N,1,1,
g3869,N,N,1,1,
g6320,N,N,1,5,
g6712,N,N,1,5,
g6736,N,N,1,5,
g6750,N,N,1,5,
I3840,N,N,1,0,
g2692,N,N,1,0,
g3477,N,N,1,1,
g6768,N,N,1,5,
I2315,N,N,1,0,
g1320,N,N,1,0,
I3373,N,N,1,0,
g2242,N,N,1,0,
g3307,N,N,1,1,
g6791,N,N,1,5,
I8975,N,N,1,5,
g6803,N,N,1,6,
g6828,N,N,1,6,
g6830,N,N,1,6,
I2785,N,N,1,0,
g1760,N,N,1,0,
I3258,N,N,1,0,
g2134,N,N,1,0,
I4459,N,N,1,0,
g3216,N,N,1,1,
g6153,N,N,1,5,
I9057,N,N,1,6,
g6156,N,N,1,5,
I3587,N,N,1,0,
g2457,N,N,1,0,
g2813,N,N,1,0,
g3683,N,N,1,1,
g3688,N,N,1,1,
g3891,N,N,1,1,
g6331,N,N,1,5,
g5190,N,N,1,2,
g5164,N,N,1,2,
I9058,N,N,1,5,
g5185,N,N,1,2,
g558,Y,N,0,0,
g5198,N,N,1,2,
I7969,N,N,1,5,
I7970,N,N,1,5,
I7971,N,N,1,2,
I7972,N,N,1,2,
g6279,N,N,1,6,
I9059,N,N,1,6,
g6844,N,N,1,6,
I9074,N,N,1,7,
g6849,N,N,1,7,
I9082,N,N,1,7,
g6853,N,N,1,7,
g6853[OL],N,Y,1,7,
g4003,N,N,1,1,
I5674,N,N,1,1,
g4232,N,N,1,1,
g3899,N,N,1,1,
g4607,N,N,1,2,
I6495,N,N,1,2,
g4815,N,N,1,2,
I6528,N,N,1,2,
g4840,N,N,1,2,
g4840[OL],N,Y,1,2,
I5084,N,N,1,1,
g3861,N,N,1,1,
I5532,N,N,1,1,
g4150,N,N,1,1,
g4150[OL],N,Y,1,1,
I5535,N,N,1,1,
I5536,N,N,1,1,
I5537,N,N,1,1,
g4151,N,N,1,1,
I6023,N,N,1,1,
g4503,N,N,1,2,
I6444,N,N,1,2,
g4784,N,N,1,2,
g1679,N,N,1,0,
g5017,N,N,1,2,
I6930,N,N,1,2,
g5273,N,N,1,2,
I7104,N,N,1,2,
g5432,N,N,1,2,
I7190,N,N,1,3,
g5490,N,N,1,3,
g5490[OL],N,Y,1,3,
I2179,N,N,1,0,
g1160,N,N,1,0,
I2349,N,N,1,0,
g1332,N,N,1,0,
g5892,N,N,1,4,
g6249,N,N,1,4,
g6090,N,N,1,4,
g6294,N,N,1,5,
I8252,N,N,1,5,
g6414,N,N,1,5,
I8453,N,N,1,5,
g6511,N,N,1,5,
g6511[OL],N,Y,1,5,
I5094,N,N,1,1,
g3867,N,N,1,1,
I5508,N,N,1,1,
g4142,N,N,1,1,
g4142[OL],N,Y,1,1,
g3800,N,N,1,1,
g4395,N,N,1,2,
g4051,N,N,1,1,
g4454,N,N,1,2,
I6334,N,N,1,2,
g4718,N,N,1,2,
I6543,N,N,1,2,
g4845,N,N,1,2,
g4845[OL],N,Y,1,2,
g374[IL],Y,N,0,0,
g3892,N,N,1,1,
g4163,N,N,1,1,
I6008,N,N,1,1,
g4496,N,N,1,1,
g5539,N,N,1,2,
g5633,N,N,1,2,
g370[IL],Y,N,0,0,
g5482,N,N,1,2,
g5694,N,N,1,2,
g5694[OL],N,Y,1,2,
g6057,N,N,1,4,
g6266,N,N,1,4,
I8177,N,N,1,5,
g6371,N,N,1,5,
g6490,N,N,1,5,
g6579,N,N,1,5,
g6234,N,N,1,4,
g6648,N,N,1,5,
g6689,N,N,1,5,
I8815,N,N,1,5,
g6699,N,N,1,6,
I8860,N,N,1,6,
g6722,N,N,1,6,
g6722[OL],N,Y,1,6,
I5056,N,N,1,1,
g3847,N,N,1,1,
I5499,N,N,1,1,
g4139,N,N,1,1,
g4139[OL],N,Y,1,1,
g2961,N,N,1,0,
g3499,N,N,1,0,
I4939,N,N,1,1,
I4940,N,N,1,1,
I4941,N,N,1,1,
g3756,N,N,1,1,
g4230,N,N,1,1,
g4599,N,N,1,1,
g4808,N,N,1,2,
g5053,N,N,1,2,
I6410,N,N,1,2,
g4768,N,N,1,2,
g5303,N,N,1,2,
I7119,N,N,1,2,
g5437,N,N,1,2,
I7176,N,N,1,3,
g5480,N,N,1,3,
g5480[OL],N,Y,1,3,
g3901,N,N,1,1,
g4176,N,N,1,1,
I6020,N,N,1,1,
g4502,N,N,1,1,
g5544,N,N,1,2,
g5646,N,N,1,2,
g382[IL],Y,N,0,0,
g5485,N,N,1,2,
g5697,N,N,1,2,
g5697[OL],N,Y,1,2,
g5893,N,N,1,4,
g6247,N,N,1,4,
g6088,N,N,1,4,
g6296,N,N,1,5,
I8264,N,N,1,5,
g6418,N,N,1,5,
I8414,N,N,1,5,
g6498,N,N,1,5,
g6498[OL],N,Y,1,5,
I4964,N,N,1,1,
g3771,N,N,1,1,
I5460,N,N,1,1,
g4126,N,N,1,1,
g4126[OL],N,Y,1,1,
g3776,N,N,1,1,
g4351,N,N,1,1,
I5938,N,N,1,1,
g4431,N,N,1,1,
g5160,N,N,1,2,
g5360,N,N,1,2,
g5143,N,N,1,2,
g5471,N,N,1,2,
g5471[OL],N,Y,1,2,
g2856,N,N,1,1,
g945,N,N,1,0,
I3148,N,N,1,1,
g2039,N,N,1,1,
I2231,N,N,1,0,
g1233,N,N,1,0,
g1410,N,N,1,0,
g3154,N,N,1,1,
I3155,N,N,1,1,
g2042,N,N,1,1,
g3166,N,N,1,1,
g3533,N,N,1,2,
g3843,N,N,1,2,
g4205,N,N,1,2,
g5888,N,N,1,4,
g6240,N,N,1,4,
g6081,N,N,1,4,
g6289,N,N,1,5,
I8249,N,N,1,5,
g6413,N,N,1,5,
I8435,N,N,1,5,
g6505,N,N,1,5,
g6505[OL],N,Y,1,5,
I7081,N,N,1,2,
g5415,N,N,1,2,
g5576,N,N,1,2,
g5679,N,N,1,2,
I5746,N,N,1,1,
g4289,N,N,1,1,
g4639,N,N,1,1,
g4793,N,N,1,2,
g4600,N,N,1,2,
g5024,N,N,1,2,
I6946,N,N,1,2,
g5296,N,N,1,2,
g5453,N,N,1,2,
g5559,N,N,1,3,
g5424,N,N,1,2,
g5676,N,N,1,3,
I7562,N,N,1,3,
I7563,N,N,1,3,
I7564,N,N,1,3,
g5781,N,N,1,3,
g5953,N,N,1,3,
g6272,N,N,1,3,
I7604,N,N,1,2,
g5805,N,N,1,2,
g6080,N,N,1,2,
g6344,N,N,1,4,
I5723,N,N,1,1,
g4270,N,N,1,2,
g4626,N,N,1,2,
I6448,N,N,1,2,
g4786,N,N,1,2,
I6769,N,N,1,2,
g5119,N,N,1,2,
g5949,N,N,1,3,
g6454,N,N,1,4,
I8548,N,N,1,4,
g6548,N,N,1,4,
I8632,N,N,1,4,
g6588,N,N,1,4,
g6588[OL],N,Y,1,4,
g3199,N,N,1,0,
g3558,N,N,1,0,
g2949,N,N,1,0,
g4021,N,N,1,1,
g4837,N,N,1,2,
g5098,N,N,1,2,
I6470,N,N,1,2,
g4802,N,N,1,2,
g5323,N,N,1,2,
I7143,N,N,1,2,
g5465,N,N,1,2,
I7161,N,N,1,3,
g5475,N,N,1,3,
g5475[OL],N,Y,1,3,
I5059,N,N,1,1,
g3848,N,N,1,1,
I5526,N,N,1,1,
g4148,N,N,1,1,
g4148[OL],N,Y,1,1,
g5901,N,N,1,4,
g6262,N,N,1,4,
g6096,N,N,1,4,
g6307,N,N,1,5,
I8279,N,N,1,5,
g6423,N,N,1,5,
I8423,N,N,1,5,
g6501,N,N,1,5,
g6501[OL],N,Y,1,5,
I4664,N,N,1,1,
g3387,N,N,1,1,
I2237,N,N,1,0,
g1246,N,N,1,0,
g1415,N,N,1,0,
g4053,N,N,1,1,
I4671,N,N,1,1,
g3424,N,N,1,1,
g4058,N,N,1,1,
g4243,N,N,1,2,
g4500,N,N,1,2,
g4759,N,N,1,2,
g5891,N,N,1,4,
g6244,N,N,1,4,
g6085,N,N,1,4,
g6293,N,N,1,5,
I8258,N,N,1,5,
g6416,N,N,1,5,
I8438,N,N,1,5,
g6506,N,N,1,5,
g6506[OL],N,Y,1,5,
I5116,N,N,1,1,
g3881,N,N,1,1,
I5487,N,N,1,1,
g4135,N,N,1,1,
g4135[OL],N,Y,1,1,
g2959,N,N,1,0,
g3490,N,N,1,0,
I4545,N,N,1,1,
I4546,N,N,1,1,
I4547,N,N,1,1,
g3276,N,N,1,1,
g3887,N,N,1,1,
g4285,N,N,1,1,
g4807,N,N,1,2,
g5050,N,N,1,2,
I6949,N,N,1,2,
g5299,N,N,1,2,
I7116,N,N,1,2,
g5436,N,N,1,2,
I7173,N,N,1,2,
g5479,N,N,1,3,
g5479[OL],N,Y,1,3,
g3461,N,N,1,1,
g3758,N,N,1,1,
g6766,N,N,1,5,
g6787,N,N,1,5,
I8988,N,N,1,5,
g6817,N,N,1,6,
I9005,N,N,1,6,
g6824,N,N,1,6,
g6824[OL],N,Y,1,6,
I3983,N,N,1,0,
g2788,N,N,1,0,
I4519,N,N,1,0,
g3240,N,N,1,1,
g3240[OL],N,Y,1,1,
g2956,N,N,1,0,
g3464,N,N,1,0,
I2299,N,N,1,0,
I2300,N,N,1,0,
I2301,N,N,1,0,
g1316,N,N,1,0,
g2868,N,N,1,1,
g3935,N,N,1,1,
g4804,N,N,1,2,
g5023,N,N,1,2,
I6397,N,N,1,2,
g4763,N,N,1,2,
g5277,N,N,1,2,
I7107,N,N,1,2,
g5433,N,N,1,2,
I7164,N,N,1,3,
g5476,N,N,1,3,
g5476[OL],N,Y,1,3,
I4176,N,N,1,0,
g2975,N,N,1,0,
I4489,N,N,1,0,
g3230,N,N,1,1,
g3230[OL],N,Y,1,1,
g6052,N,N,1,4,
g6263,N,N,1,4,
I8171,N,N,1,5,
g6369,N,N,1,5,
g6489,N,N,1,5,
g6578,N,N,1,5,
g6233,N,N,1,4,
g6647,N,N,1,5,
g6688,N,N,1,5,
I8812,N,N,1,5,
g6698,N,N,1,6,
I8857,N,N,1,6,
g6721,N,N,1,6,
g6721[OL],N,Y,1,6,
I4300,N,N,1,0,
g3073,N,N,1,0,
I4480,N,N,1,0,
g3227,N,N,1,1,
g3227[OL],N,Y,1,1,
g905,N,N,1,0,
g3433,N,N,1,1,
g3741,N,N,1,1,
I9021,N,N,1,6,
g6832,N,N,1,6,
g2009,N,N,1,1,
I1938,N,N,1,0,
g910,N,N,1,0,
g1581,N,N,1,0,
g2808,N,N,1,1,
g1890,N,N,1,0,
g2821,N,N,1,1,
g3598,N,N,1,1,
I9050,N,N,1,6,
I9051,N,N,1,6,
I9052,N,N,1,6,
g6843,N,N,1,6,
g6848,N,N,1,6,
g2059,N,N,1,0,
I4050,N,N,1,0,
g2842,N,N,1,1,
g3621,N,N,1,1,
g6873,N,N,1,7,
g336[IL],Y,N,0,0,
g1112,N,N,1,0,
I2405,N,N,1,0,
g1369,N,N,1,0,
g2060,N,N,1,0,
g6874,N,N,1,7,
g3358,N,N,1,1,
g6907,N,N,1,7,
I4623,N,N,1,1,
g3346,N,N,1,1,
g3886,N,N,1,1,
g6908,N,N,1,7,
g2944,N,N,1,1,
g5947,N,N,1,5,
I7838,N,N,1,5,
g6122,N,N,1,5,
I8093,N,N,1,5,
g6339,N,N,1,5,
g2356,N,N,1,0,
g5863,N,N,1,4,
g6075,N,N,1,4,
g6242,N,N,1,5,
I8034,N,N,1,5,
g6308,N,N,1,5,
I8335,N,N,1,5,
g6467,N,N,1,5,
g6556,N,N,1,6,
g6614,N,N,1,6,
g2940,N,N,1,1,
g5943,N,N,1,5,
I7832,N,N,1,5,
g6120,N,N,1,5,
I8089,N,N,1,5,
g6337,N,N,1,5,
g2339,N,N,1,0,
g5862,N,N,1,4,
g6073,N,N,1,4,
g6239,N,N,1,5,
I8030,N,N,1,5,
g6306,N,N,1,5,
I8332,N,N,1,5,
g6466,N,N,1,5,
g6554,N,N,1,6,
g6613,N,N,1,6,
I2290,N,N,1,0,
g1295,N,N,1,0,
I3632,N,N,1,0,
g2506,N,N,1,0,
g2835,N,N,1,0,
g3698,N,N,1,1,
g3180,N,N,1,0,
g3998,N,N,1,1,
I3650,N,N,1,0,
g2525,N,N,1,0,
I4358,N,N,1,0,
g3110,N,N,1,0,
g3363,N,N,1,1,
g4368,N,N,1,1,
g3660,N,N,1,1,
g4655,N,N,1,1,
I6269,N,N,1,1,
g4679,N,N,1,1,
g6669,N,N,1,6,
I3614,N,N,1,0,
g2485,N,N,1,0,
g2827,N,N,1,0,
g3690,N,N,1,1,
g3170,N,N,1,0,
g3995,N,N,1,1,
I4343,N,N,1,0,
g3096,N,N,1,0,
g3354,N,N,1,1,
g4361,N,N,1,1,
g3652,N,N,1,1,
g4653,N,N,1,1,
I3593,N,N,1,0,
g2461,N,N,1,0,
g2817,N,N,1,0,
g3684,N,N,1,1,
g3155,N,N,1,0,
g3990,N,N,1,1,
I4327,N,N,1,0,
g3086,N,N,1,0,
g3342,N,N,1,1,
g4357,N,N,1,1,
g3643,N,N,1,1,
g4651,N,N,1,1,
g4667,N,N,1,2,
I3572,N,N,1,0,
g2437,N,N,1,0,
g2802,N,N,1,0,
g3678,N,N,1,1,
g3143,N,N,1,0,
g3988,N,N,1,1,
I4309,N,N,1,0,
g3076,N,N,1,0,
g3331,N,N,1,1,
g4352,N,N,1,1,
g3633,N,N,1,1,
g4645,N,N,1,1,
I3550,N,N,1,0,
g2410,N,N,1,0,
g2789,N,N,1,0,
g3667,N,N,1,1,
g3133,N,N,1,0,
g3986,N,N,1,1,
I4294,N,N,1,0,
g3067,N,N,1,0,
g3320,N,N,1,1,
g4347,N,N,1,1,
g3627,N,N,1,1,
g4641,N,N,1,1,
g4671,N,N,1,2,
g5065,N,N,1,2,
I3534,N,N,1,0,
g2391,N,N,1,0,
g2778,N,N,1,0,
g3661,N,N,1,1,
g3123,N,N,1,0,
g3981,N,N,1,1,
I4282,N,N,1,0,
g3057,N,N,1,0,
g3306,N,N,1,1,
g4344,N,N,1,1,
g3619,N,N,1,1,
g4637,N,N,1,1,
I3516,N,N,1,0,
g2364,N,N,1,0,
g2767,N,N,1,0,
g3653,N,N,1,1,
g3113,N,N,1,0,
g3977,N,N,1,1,
I4267,N,N,1,0,
g3046,N,N,1,0,
g3297,N,N,1,1,
g4341,N,N,1,1,
g3615,N,N,1,1,
g4634,N,N,1,1,
g4661,N,N,1,2,
I3502,N,N,1,0,
g2350,N,N,1,0,
g2755,N,N,1,0,
g3644,N,N,1,1,
g3099,N,N,1,0,
g3971,N,N,1,1,
I4249,N,N,1,0,
g3034,N,N,1,0,
g3289,N,N,1,1,
g4339,N,N,1,1,
g3610,N,N,1,1,
g4630,N,N,1,1,
I3488,N,N,1,0,
g2336,N,N,1,0,
g2744,N,N,1,0,
g3634,N,N,1,1,
g3089,N,N,1,0,
g3964,N,N,1,1,
I4226,N,N,1,0,
g3019,N,N,1,0,
g3284,N,N,1,1,
g4333,N,N,1,1,
g3603,N,N,1,1,
g4627,N,N,1,1,
g4666,N,N,1,2,
g5062,N,N,1,2,
g6717,N,N,1,6,
I2293,N,N,1,0,
g1305,N,N,1,0,
I3653,N,N,1,0,
g2535,N,N,1,0,
g2839,N,N,1,0,
g3702,N,N,1,1,
g3190,N,N,1,0,
g4001,N,N,1,1,
I3672,N,N,1,0,
g2555,N,N,1,0,
I4371,N,N,1,0,
g3124,N,N,1,0,
g3370,N,N,1,1,
g4373,N,N,1,1,
g3668,N,N,1,1,
g4427,N,N,1,1,
g6731,N,N,1,6,
g6747,N,N,1,6,
I3635,N,N,1,0,
g2509,N,N,1,0,
g2836,N,N,1,0,
g3699,N,N,1,1,
g3181,N,N,1,0,
g3999,N,N,1,1,
I4362,N,N,1,0,
g3114,N,N,1,0,
g3364,N,N,1,1,
g4369,N,N,1,1,
g3662,N,N,1,1,
g4656,N,N,1,1,
I3617,N,N,1,0,
g2488,N,N,1,0,
g2828,N,N,1,0,
g3691,N,N,1,1,
g3171,N,N,1,0,
g3996,N,N,1,1,
I4347,N,N,1,0,
g3100,N,N,1,0,
g3355,N,N,1,1,
g4362,N,N,1,1,
g3654,N,N,1,1,
g4654,N,N,1,1,
g4673,N,N,1,2,
I3596,N,N,1,0,
g2464,N,N,1,0,
g2818,N,N,1,0,
g3685,N,N,1,1,
g3156,N,N,1,0,
g3991,N,N,1,1,
I4331,N,N,1,0,
g3090,N,N,1,0,
g3343,N,N,1,1,
g4358,N,N,1,1,
g3645,N,N,1,1,
g4652,N,N,1,1,
I3575,N,N,1,0,
g2440,N,N,1,0,
g2803,N,N,1,0,
g3679,N,N,1,1,
g3144,N,N,1,0,
g3989,N,N,1,1,
I4312,N,N,1,0,
g3079,N,N,1,0,
g3332,N,N,1,1,
g4353,N,N,1,1,
g3635,N,N,1,1,
g4646,N,N,1,1,
g4677,N,N,1,2,
g5068,N,N,1,2,
I3553,N,N,1,0,
g2413,N,N,1,0,
g2790,N,N,1,0,
g3669,N,N,1,1,
g3134,N,N,1,0,
g3987,N,N,1,1,
I4297,N,N,1,0,
g3070,N,N,1,0,
g3322,N,N,1,1,
g4348,N,N,1,1,
g3628,N,N,1,1,
g4642,N,N,1,1,
I3537,N,N,1,0,
g2394,N,N,1,0,
g2779,N,N,1,0,
g3663,N,N,1,1,
g3127,N,N,1,0,
g3982,N,N,1,1,
I4285,N,N,1,0,
g3060,N,N,1,0,
g3308,N,N,1,1,
g4345,N,N,1,1,
g3620,N,N,1,1,
g4638,N,N,1,1,
g4668,N,N,1,2,
I3519,N,N,1,0,
g2367,N,N,1,0,
g2768,N,N,1,0,
g3655,N,N,1,1,
g3117,N,N,1,0,
g3978,N,N,1,1,
I4270,N,N,1,0,
g3049,N,N,1,0,
g3299,N,N,1,1,
g4342,N,N,1,1,
g3616,N,N,1,1,
g4635,N,N,1,1,
I3505,N,N,1,0,
g2353,N,N,1,0,
g2756,N,N,1,0,
g3646,N,N,1,1,
g3103,N,N,1,0,
g3972,N,N,1,1,
I4252,N,N,1,0,
g3037,N,N,1,0,
g3291,N,N,1,1,
g4340,N,N,1,1,
g3611,N,N,1,1,
g4631,N,N,1,1,
g4672,N,N,1,2,
g5066,N,N,1,2,
g6783,N,N,1,7,
I8940,N,N,1,7,
g6784,N,N,1,7,
g6816,N,N,1,7,
g6921,N,N,1,8,
I9203,N,N,1,8,
g6922,N,N,1,8,
I9208,N,N,1,8,
g6925,N,N,1,8,
g6925[OL],N,Y,1,8,
g2957,N,N,1,0,
g3479,N,N,1,0,
I2933,N,N,1,0,
I2934,N,N,1,0,
I2935,N,N,1,0,
g1845,N,N,1,1,
g2873,N,N,1,1,
g3941,N,N,1,1,
g4805,N,N,1,2,
g5043,N,N,1,2,
I6400,N,N,1,2,
g4764,N,N,1,2,
g5291,N,N,1,2,
I7110,N,N,1,2,
g5434,N,N,1,2,
I7167,N,N,1,3,
g5477,N,N,1,3,
g5477[OL],N,Y,1,3,
I5782,N,N,1,1,
I5783,N,N,1,1,
I5784,N,N,1,1,
g4319,N,N,1,1,
I5977,N,N,1,1,
g4462,N,N,1,2,
I6386,N,N,1,2,
g4760,N,N,1,2,
g1549,N,N,1,0,
g4872,N,N,1,2,
I6885,N,N,1,2,
g5219,N,N,1,2,
I7051,N,N,1,2,
g5387,N,N,1,2,
I7187,N,N,1,3,
g5489,N,N,1,3,
g5489[OL],N,Y,1,3,
I5065,N,N,1,1,
g3852,N,N,1,1,
I5475,N,N,1,1,
g4131,N,N,1,1,
g4131[OL],N,Y,1,1,
g6048,N,N,1,4,
g6260,N,N,1,4,
I8165,N,N,1,5,
g6367,N,N,1,5,
g6488,N,N,1,5,
g6577,N,N,1,5,
g6232,N,N,1,4,
g6646,N,N,1,5,
g6687,N,N,1,5,
I8809,N,N,1,5,
g6697,N,N,1,6,
I8875,N,N,1,6,
g6727,N,N,1,6,
g6727[OL],N,Y,1,6,
I5068,N,N,1,1,
g3853,N,N,1,1,
I5502,N,N,1,1,
g4140,N,N,1,1,
g4140[OL],N,Y,1,1,
I9035,N,N,1,6,
g6838,N,N,1,6,
I9047,N,N,1,6,
g6842,N,N,1,6,
g6842[OL],N,Y,1,6,
I2681,N,N,1,0,
I2682,N,N,1,0,
I2683,N,N,1,0,
g1687,N,N,1,0,
I2973,N,N,1,1,
g1878,N,N,1,1,
I4059,N,N,1,1,
g2857,N,N,1,1,
g1513,N,N,1,0,
g3304,N,N,1,1,
I2388,N,N,1,0,
g1351,N,N,1,0,
g3828,N,N,1,1,
I5668,N,N,1,1,
g4228,N,N,1,1,
I5920,N,N,1,2,
g4423,N,N,1,2,
g4423[OL],N,Y,1,2,
g6062,N,N,1,4,
g6270,N,N,1,4,
I8183,N,N,1,5,
g6373,N,N,1,5,
g6491,N,N,1,5,
g6580,N,N,1,5,
g6235,N,N,1,4,
g6650,N,N,1,5,
g6690,N,N,1,5,
I8818,N,N,1,5,
g6700,N,N,1,6,
I8863,N,N,1,6,
g6723,N,N,1,6,
g6723[OL],N,Y,1,6,
g6070,N,N,1,4,
g6275,N,N,1,4,
I8189,N,N,1,5,
g6375,N,N,1,5,
g6493,N,N,1,5,
g6581,N,N,1,5,
g6236,N,N,1,4,
g6603,N,N,1,5,
g6691,N,N,1,5,
I8821,N,N,1,5,
g6701,N,N,1,6,
I8866,N,N,1,6,
g6724,N,N,1,6,
g6724[OL],N,Y,1,6,
I5078,N,N,1,1,
g3859,N,N,1,1,
I5478,N,N,1,1,
g4132,N,N,1,1,
g4132[OL],N,Y,1,1,
I6607,N,N,1,2,
g4900,N,N,1,2,
g5247,N,N,1,2,
g5369,N,N,1,2,
I6349,N,N,1,2,
g4723,N,N,1,2,
g5082,N,N,1,2,
I6867,N,N,1,2,
g5199,N,N,1,2,
g4928,N,N,1,2,
g5367,N,N,1,2,
I7208,N,N,1,3,
I7209,N,N,1,3,
I7210,N,N,1,3,
g5502,N,N,1,3,
g5600,N,N,1,3,
g5800,N,N,1,3,
I7251,N,N,1,2,
g5509,N,N,1,2,
g5647,N,N,1,2,
g5898,N,N,1,3,
I5591,N,N,1,1,
g4187,N,N,1,2,
g4559,N,N,1,2,
I6321,N,N,1,2,
g4713,N,N,1,2,
I6680,N,N,1,2,
g5046,N,N,1,2,
g5598,N,N,1,3,
g6108,N,N,1,4,
I8051,N,N,1,4,
g6319,N,N,1,4,
I8217,N,N,1,4,
g6401,N,N,1,4,
g6401[OL],N,Y,1,4,
g5048,N,N,1,4,
g672[IL],Y,N,0,0,
g5231,N,N,1,4,
I7146,N,N,1,4,
g5466,N,N,1,4,
I7193,N,N,1,4,
g5491,N,N,1,4,
g5491[OL],N,Y,1,4,
I4980,N,N,1,1,
g3783,N,N,1,1,
I5463,N,N,1,1,
g4127,N,N,1,1,
g4127[OL],N,Y,1,1,
g5384,N,N,1,2,
g5503,N,N,1,2,
g5357,N,N,1,2,
g5623,N,N,1,2,
g3889,N,N,1,1,
g5728,N,N,1,2,
I4976,N,N,1,1,
g3781,N,N,1,1,
g5916,N,N,1,2,
I7892,N,N,1,2,
g6166,N,N,1,2,
I7966,N,N,1,3,
g6278,N,N,1,3,
g6278[OL],N,Y,1,3,
I7698,N,N,1,3,
g5922,N,N,1,3,
I7814,N,N,1,3,
g6106,N,N,1,3,
g6106[OL],N,Y,1,3,
g6660,N,N,1,4,
g6704,N,N,1,5,
I8884,N,N,1,5,
g6730,N,N,1,5,
I8910,N,N,1,5,
g6744,N,N,1,5,
g6744[OL],N,Y,1,5,
I6625,N,N,1,2,
g4933,N,N,1,2,
g5255,N,N,1,2,
g5376,N,N,1,2,
I5626,N,N,1,1,
g4206,N,N,1,1,
g4579,N,N,1,1,
g4739,N,N,1,1,
g4489,N,N,1,1,
g4862,N,N,1,2,
I6366,N,N,1,2,
g4736,N,N,1,2,
g5087,N,N,1,2,
g5213,N,N,1,2,
g4942,N,N,1,2,
g5372,N,N,1,2,
I7230,N,N,1,3,
I7231,N,N,1,3,
I7232,N,N,1,3,
g5506,N,N,1,3,
g5618,N,N,1,3,
g5812,N,N,1,3,
I7261,N,N,1,2,
g5521,N,N,1,2,
g5664,N,N,1,2,
g5904,N,N,1,3,
I5600,N,N,1,1,
g4190,N,N,1,2,
g4563,N,N,1,2,
I6346,N,N,1,2,
g4722,N,N,1,2,
I6697,N,N,1,2,
g5059,N,N,1,2,
g5604,N,N,1,3,
g6114,N,N,1,4,
I8066,N,N,1,4,
g6328,N,N,1,4,
I8226,N,N,1,4,
g6404,N,N,1,4,
g6404[OL],N,Y,1,4,
I5040,N,N,1,1,
g3839,N,N,1,1,
I5496,N,N,1,1,
g4138,N,N,1,1,
g4138[OL],N,Y,1,1,
I4315,N,N,1,0,
g3082,N,N,1,0,
I4483,N,N,1,0,
g3228,N,N,1,1,
g3228[OL],N,Y,1,1,
g667[IL],Y,N,0,0,
I1932,N,N,1,0,
g908,N,N,1,0,
I2272,N,N,1,0,
g1289,N,N,1,0,
g1289[OL],N,Y,1,0,
g850,N,N,1,0,
I2464,N,N,1,0,
g1471,N,N,1,0,
I3251,N,N,1,0,
g2120,N,N,1,0,
g1654,N,N,1,0,
g2861,N,N,1,1,
I4757,N,N,1,1,
g3537,N,N,1,1,
I5223,N,N,1,1,
g3967,N,N,1,1,
I5451,N,N,1,1,
g4123,N,N,1,1,
g4123[OL],N,Y,1,1,
I3697,N,N,1,0,
I3698,N,N,1,0,
I3699,N,N,1,0,
g2582,N,N,1,1,
I4066,N,N,1,1,
g2862,N,N,1,1,
I4762,N,N,1,1,
g3540,N,N,1,1,
g1665,N,N,1,0,
g3844,N,N,1,1,
I5699,N,N,1,1,
g4249,N,N,1,1,
I6182,N,N,1,2,
g4609,N,N,1,2,
I6247,N,N,1,2,
g4658,N,N,1,2,
g4658[OL],N,Y,1,2,
g2267,N,N,1,1,
I4233,N,N,1,1,
I4234,N,N,1,1,
I4235,N,N,1,1,
g3028,N,N,1,1,
g5327,N,N,1,2,
I3826,N,N,1,0,
g2682,N,N,1,0,
g3463,N,N,1,1,
g5353,N,N,1,2,
I2346,N,N,1,0,
g1331,N,N,1,0,
I3361,N,N,1,0,
g2232,N,N,1,0,
g3300,N,N,1,1,
g5535,N,N,1,2,
I7355,N,N,1,2,
g5593,N,N,1,2,
I7517,N,N,1,3,
g5774,N,N,1,3,
I7646,N,N,1,3,
g5878,N,N,1,3,
g5878[OL],N,Y,1,3,
I4955,N,N,1,1,
g3766,N,N,1,1,
I5457,N,N,1,1,
g4125,N,N,1,1,
g4125[OL],N,Y,1,1,
I2108,N,N,1,0,
I2109,N,N,1,0,
I2110,N,N,1,0,
g1075,N,N,1,0,
I2361,N,N,1,0,
g1336,N,N,1,0,
I3134,N,N,1,1,
g2029,N,N,1,1,
g1503,N,N,1,0,
g2670,N,N,1,1,
I4678,N,N,1,1,
g3440,N,N,1,1,
I5103,N,N,1,1,
g3874,N,N,1,1,
I5454,N,N,1,1,
g4124,N,N,1,2,
g4124[OL],N,Y,1,2,
g4869,N,N,1,1,
g5317,N,N,1,1,
g5122,N,N,1,1,
g5348,N,N,1,2,
g3772,N,N,1,1,
g5569,N,N,1,2,
I5324,N,N,1,1,
g4020,N,N,1,1,
g5583,N,N,1,2,
I7490,N,N,1,2,
g5727,N,N,1,2,
I7634,N,N,1,2,
g5874,N,N,1,2,
g5874[OL],N,Y,1,2,
g2292,N,N,1,1,
I4182,N,N,1,1,
I4183,N,N,1,1,
I4184,N,N,1,1,
g2995,N,N,1,1,
g4544,N,N,1,2,
g5451,N,N,1,2,
I3823,N,N,1,0,
g2679,N,N,1,0,
g3462,N,N,1,1,
g5499,N,N,1,2,
I2324,N,N,1,0,
g1323,N,N,1,0,
I3358,N,N,1,0,
g2231,N,N,1,0,
g3298,N,N,1,1,
g5629,N,N,1,2,
I7481,N,N,1,3,
g5720,N,N,1,3,
I7701,N,N,1,3,
g5923,N,N,1,3,
I7805,N,N,1,3,
g6103,N,N,1,3,
g6103[OL],N,Y,1,3,
I1958,N,N,1,0,
g927,N,N,1,0,
I2287,N,N,1,0,
g1294,N,N,1,0,
g1294[OL],N,Y,1,0,
g665[IL],Y,N,0,0,
I1927,N,N,1,0,
g900,N,N,1,0,
I2281,N,N,1,0,
g1292,N,N,1,0,
g1292[OL],N,Y,1,0,
g119[IL],Y,N,0,0,
g3726,N,N,1,1,
I5427,N,N,1,1,
g4115,N,N,1,1,
g4115[OL],N,Y,1,1,
I7065,N,N,1,2,
g5399,N,N,1,2,
g5572,N,N,1,2,
g5671,N,N,1,2,
I5720,N,N,1,1,
g4267,N,N,1,1,
g4625,N,N,1,1,
g4785,N,N,1,1,
g4583,N,N,1,1,
g5014,N,N,1,2,
I6927,N,N,1,2,
g5270,N,N,1,2,
g5442,N,N,1,2,
g5555,N,N,1,2,
g5406,N,N,1,2,
g5666,N,N,1,3,
I7534,N,N,1,3,
I7535,N,N,1,3,
I7536,N,N,1,3,
g5777,N,N,1,3,
g5941,N,N,1,3,
g6257,N,N,1,3,
I7590,N,N,1,2,
g5791,N,N,1,2,
g6069,N,N,1,2,
g6340,N,N,1,3,
I5696,N,N,1,1,
g4248,N,N,1,2,
g4619,N,N,1,2,
I6425,N,N,1,2,
g4775,N,N,1,2,
I6756,N,N,1,2,
g5114,N,N,1,2,
g5938,N,N,1,3,
g6447,N,N,1,4,
I8535,N,N,1,4,
g6541,N,N,1,4,
I8620,N,N,1,4,
g6584,N,N,1,4,
g6584[OL],N,Y,1,4,
I7439,N,N,1,2,
I7440,N,N,1,2,
I7441,N,N,1,2,
g5684,N,N,1,2,
I7487,N,N,1,2,
g5726,N,N,1,2,
I7679,N,N,1,3,
g5915,N,N,1,3,
g6165,N,N,1,2,
g6304,N,N,1,3,
I8309,N,N,1,3,
g6441,N,N,1,3,
I8512,N,N,1,3,
g6532,N,N,1,3,
I8656,N,N,1,3,
g6596,N,N,1,4,
g6596[OL],N,Y,1,4,
I4288,N,N,1,0,
g3063,N,N,1,0,
I4477,N,N,1,0,
g3226,N,N,1,1,
g3226[OL],N,Y,1,1,
g1594,N,N,1,0,
I2952,N,N,1,0,
g1852,N,N,1,0,
I3714,N,N,1,0,
g2587,N,N,1,0,
g2587[OL],N,Y,1,1,
I3411,N,N,1,0,
I3412,N,N,1,0,
I3413,N,N,1,0,
g2266,N,N,1,1,
I3833,N,N,1,1,
g2687,N,N,1,1,
I4684,N,N,1,1,
g3448,N,N,1,1,
g1528,N,N,1,0,
g3768,N,N,1,1,
I5633,N,N,1,1,
g4213,N,N,1,1,
I6069,N,N,1,2,
g4519,N,N,1,2,
I6244,N,N,1,2,
g4657,N,N,1,2,
g4657[OL],N,Y,1,2,
I7086,N,N,1,2,
g5420,N,N,1,2,
g5577,N,N,1,2,
g5681,N,N,1,2,
I5750,N,N,1,1,
g4293,N,N,1,1,
g4643,N,N,1,1,
g4797,N,N,1,2,
g4602,N,N,1,2,
g5044,N,N,1,2,
I6952,N,N,1,2,
g5300,N,N,1,2,
g5456,N,N,1,2,
g5560,N,N,1,3,
g5428,N,N,1,2,
g5678,N,N,1,3,
I7569,N,N,1,3,
I7570,N,N,1,3,
I7571,N,N,1,3,
g5782,N,N,1,3,
g5955,N,N,1,3,
g6273,N,N,1,3,
I7608,N,N,1,2,
g5809,N,N,1,2,
g6083,N,N,1,2,
g6345,N,N,1,4,
I5731,N,N,1,1,
g4276,N,N,1,2,
g4629,N,N,1,2,
I6452,N,N,1,2,
g4788,N,N,1,2,
I6772,N,N,1,2,
g5120,N,N,1,2,
g5952,N,N,1,3,
g6455,N,N,1,4,
I8552,N,N,1,4,
g6552,N,N,1,4,
I8635,N,N,1,4,
g6589,N,N,1,4,
g6589[OL],N,Y,1,4,
I3858,N,N,1,0,
g2705,N,N,1,0,
I4501,N,N,1,0,
g3234,N,N,1,1,
g3234[OL],N,Y,1,1,
I3946,N,N,1,0,
g2765,N,N,1,0,
I4513,N,N,1,0,
g3238,N,N,1,1,
g3238[OL],N,Y,1,1,
I6473,N,N,1,1,
I6474,N,N,1,1,
I6475,N,N,1,1,
g4803,N,N,1,2,
I6587,N,N,1,2,
g4861,N,N,1,2,
I6874,N,N,1,2,
g5210,N,N,1,2,
g6161,N,N,1,2,
g6291,N,N,1,3,
I8290,N,N,1,3,
g6428,N,N,1,3,
I8494,N,N,1,3,
g6526,N,N,1,3,
I8644,N,N,1,3,
g6592,N,N,1,3,
g6592[OL],N,Y,1,3,
g3785,N,N,1,1,
g4360,N,N,1,1,
I5948,N,N,1,1,
g4437,N,N,1,1,
g5174,N,N,1,2,
g5362,N,N,1,2,
g5145,N,N,1,2,
g5473,N,N,1,2,
g5473[OL],N,Y,1,2,
g118[IL],Y,N,0,0,
g3725,N,N,1,1,
I5424,N,N,1,1,
g4114,N,N,1,1,
g4114[OL],N,Y,1,1,
g6774,N,N,1,6,
I8958,N,N,1,6,
g6796,N,N,1,6,
I8966,N,N,1,6,
g6800,N,N,1,6,
g6800[OL],N,Y,1,6,
g2870,N,N,1,0,
g3294,N,N,1,0,
I4150,N,N,1,1,
I4151,N,N,1,1,
I4152,N,N,1,1,
g2960,N,N,1,1,
g3305,N,N,1,1,
g3829,N,N,1,1,
g4229,N,N,1,1,
g4456,N,N,1,2,
I5556,N,N,1,1,
g4158,N,N,1,2,
g4757,N,N,1,2,
I6677,N,N,1,2,
g5045,N,N,1,2,
I6801,N,N,1,2,
g5141,N,N,1,2,
g5141[OL],N,Y,1,2,
g3801,N,N,1,1,
g4396,N,N,1,2,
g4052,N,N,1,1,
g4455,N,N,1,2,
I6337,N,N,1,2,
g4719,N,N,1,2,
I6570,N,N,1,2,
g4854,N,N,1,2,
g4854[OL],N,Y,1,2,
I9024,N,N,1,6,
g6833,N,N,1,6,
I9038,N,N,1,6,
g6839,N,N,1,6,
g6839[OL],N,Y,1,6,
g3904,N,N,1,1,
g4182,N,N,1,1,
I6039,N,N,1,1,
g4509,N,N,1,1,
g5549,N,N,1,2,
g5660,N,N,1,2,
g5487,N,N,1,2,
g5699,N,N,1,2,
g5699[OL],N,Y,1,2,
I3906,N,N,1,0,
g2739,N,N,1,0,
I4507,N,N,1,0,
g3236,N,N,1,1,
g3236[OL],N,Y,1,1,
I3485,N,N,1,0,
g2333,N,N,1,0,
g2743,N,N,1,0,
g3632,N,N,1,1,
g3641,N,N,1,1,
g3862,N,N,1,1,
g6317,N,N,1,5,
g6130,N,N,1,5,
g6133,N,N,1,5,
I2811,N,N,1,0,
g1772,N,N,1,0,
I3244,N,N,1,0,
g2117,N,N,1,0,
I4452,N,N,1,0,
g3209,N,N,1,1,
g6151,N,N,1,5,
I8393,N,N,1,6,
g6154,N,N,1,5,
I3563,N,N,1,0,
g2430,N,N,1,0,
g2800,N,N,1,0,
g3672,N,N,1,1,
g3682,N,N,1,1,
g3888,N,N,1,1,
g6329,N,N,1,5,
g5186,N,N,1,2,
g5172,N,N,1,2,
I8394,N,N,1,5,
g5182,N,N,1,2,
g559,Y,N,0,0,
g5200,N,N,1,2,
I7978,N,N,1,5,
I7979,N,N,1,5,
I7980,N,N,1,2,
I7981,N,N,1,2,
g6280,N,N,1,6,
I8395,N,N,1,6,
g6485,N,N,1,6,
I8473,N,N,1,6,
g6519,N,N,1,6,
I8671,N,N,1,6,
g6601,N,N,1,6,
g6601[OL],N,Y,1,7,
I7506,N,N,1,3,
g5751,N,N,1,3,
I7637,N,N,1,3,
g5875,N,N,1,3,
g5875[OL],N,Y,1,3,
g3814,N,N,1,1,
I5545,N,N,1,1,
g4153,N,N,1,1,
I5926,N,N,1,1,
g4425,N,N,1,1,
g4425[OL],N,Y,1,1,
I4919,N,N,1,1,
I4920,N,N,1,1,
I4921,N,N,1,1,
g3742,N,N,1,1,
I5654,N,N,1,1,
g4222,N,N,1,1,
I6139,N,N,1,2,
g4567,N,N,1,2,
g1674,N,N,1,0,
g4761,N,N,1,2,
I6723,N,N,1,2,
g5089,N,N,1,2,
I6959,N,N,1,2,
g5307,N,N,1,2,
I6989,N,N,1,2,
g5329,N,N,1,3,
g5329[OL],N,Y,1,3,
g378[IL],Y,N,0,0,
g3898,N,N,1,1,
g4167,N,N,1,1,
I6012,N,N,1,1,
g4498,N,N,1,1,
g5542,N,N,1,2,
g5635,N,N,1,2,
g5483,N,N,1,2,
g5695,N,N,1,2,
g5695[OL],N,Y,1,2,
g5896,N,N,1,4,
g6253,N,N,1,4,
g6091,N,N,1,4,
g6300,N,N,1,5,
I8270,N,N,1,5,
g6420,N,N,1,5,
I8417,N,N,1,5,
g6499,N,N,1,5,
g6499[OL],N,Y,1,5,
g548[IL],Y,N,0,0,
g3465,N,N,1,1,
g3760,N,N,1,1,
g6767,N,N,1,5,
g6788,N,N,1,5,
I8991,N,N,1,5,
g6818,N,N,1,6,
I9008,N,N,1,6,
g6825,N,N,1,6,
g6825[OL],N,Y,1,6,
g3890,N,N,1,1,
g4159,N,N,1,1,
I6004,N,N,1,1,
g4494,N,N,1,1,
g5538,N,N,1,2,
g5632,N,N,1,2,
g5481,N,N,1,2,
g5693,N,N,1,2,
g5693[OL],N,Y,1,2,
g3790,N,N,1,1,
g4372,N,N,1,2,
g4039,N,N,1,1,
g4441,N,N,1,2,
I6305,N,N,1,2,
g4705,N,N,1,2,
I6558,N,N,1,2,
g4850,N,N,1,2,
g4850[OL],N,Y,1,2,
I3927,N,N,1,0,
g2753,N,N,1,0,
I4510,N,N,1,0,
g3237,N,N,1,1,
g3237[OL],N,Y,1,1,
g5890,N,N,1,4,
g6243,N,N,1,4,
g6084,N,N,1,4,
g6292,N,N,1,5,
I8255,N,N,1,5,
g6415,N,N,1,5,
I8411,N,N,1,5,
g6497,N,N,1,5,
g6497[OL],N,Y,1,5,
I2526,N,N,1,0,
I2527,N,N,1,0,
I2528,N,N,1,0,
g1558,N,N,1,1,
g5441,N,N,1,2,
I3767,N,N,1,0,
g2625,N,N,1,0,
g3452,N,N,1,1,
g5492,N,N,1,2,
I2364,N,N,1,0,
g1337,N,N,1,0,
I3313,N,N,1,0,
g2174,N,N,1,0,
g3277,N,N,1,1,
g5622,N,N,1,2,
I7463,N,N,1,2,
g5702,N,N,1,3,
I7683,N,N,1,3,
g5917,N,N,1,3,
I7796,N,N,1,3,
g6100,N,N,1,3,
g6100[OL],N,Y,1,3,
I2162,N,N,1,0,
g1122,N,N,1,0,
I2330,N,N,1,0,
g1325,N,N,1,0,
g5887,N,N,1,4,
g6241,N,N,1,4,
g6082,N,N,1,4,
g6287,N,N,1,5,
I8240,N,N,1,5,
g6410,N,N,1,5,
I8447,N,N,1,5,
g6509,N,N,1,5,
g6509[OL],N,Y,1,5,
I4986,N,N,1,1,
g3787,N,N,1,1,
I5466,N,N,1,1,
g4128,N,N,1,1,
g4128[OL],N,Y,1,1,
g122[IL],Y,N,0,0,
g3727,N,N,1,1,
I5430,N,N,1,1,
g4116,N,N,1,1,
g4116[OL],N,Y,1,1,
g5908,N,N,1,4,
g6269,N,N,1,4,
g6099,N,N,1,4,
g6310,N,N,1,5,
I8285,N,N,1,5,
g6425,N,N,1,5,
I8429,N,N,1,5,
g6503,N,N,1,5,
g6503[OL],N,Y,1,5,
I4003,N,N,1,0,
g2801,N,N,1,0,
I4522,N,N,1,0,
g3241,N,N,1,1,
g3241[OL],N,Y,1,1,
g111[IL],Y,N,0,0,
g5455,N,N,1,2,
g5554,N,N,1,2,
I7432,N,N,1,2,
I7433,N,N,1,2,
I7434,N,N,1,2,
g5683,N,N,1,3,
I4537,N,N,1,1,
g3258,N,N,1,1,
g3813,N,N,1,1,
g5701,N,N,1,3,
I7707,N,N,1,3,
g5925,N,N,1,3,
I7960,N,N,1,3,
g6276,N,N,1,3,
I7963,N,N,1,3,
g6277,N,N,1,3,
g6277[OL],N,Y,1,4,
g2863,N,N,1,0,
g3282,N,N,1,0,
I2674,N,N,1,0,
I2675,N,N,1,0,
I2676,N,N,1,0,
g1686,N,N,1,0,
g2659,N,N,1,1,
g3815,N,N,1,1,
g4225,N,N,1,1,
g4448,N,N,1,2,
I5548,N,N,1,1,
g4154,N,N,1,2,
g4740,N,N,1,2,
I6666,N,N,1,2,
g5022,N,N,1,2,
I6795,N,N,1,2,
g5139,N,N,1,2,
g5139[OL],N,Y,1,2,
I3462,N,N,1,0,
g2312,N,N,1,0,
g2678,N,N,1,0,
g3609,N,N,1,1,
g3613,N,N,1,1,
g3837,N,N,1,1,
g6311,N,N,1,5,
g6123,N,N,1,5,
I2542,N,N,1,0,
I2543,N,N,1,0,
I2544,N,N,1,0,
g1574,N,N,1,1,
g5444,N,N,1,2,
I3782,N,N,1,0,
g2640,N,N,1,0,
g3456,N,N,1,1,
g5495,N,N,1,2,
I2373,N,N,1,0,
g1340,N,N,1,0,
I3325,N,N,1,0,
g2178,N,N,1,0,
g3281,N,N,1,1,
g5625,N,N,1,2,
I7469,N,N,1,2,
g5708,N,N,1,3,
g6125,N,N,1,5,
I2867,N,N,1,0,
g1812,N,N,1,0,
I3202,N,N,1,0,
g2088,N,N,1,0,
I4410,N,N,1,0,
g3173,N,N,1,1,
g6141,N,N,1,5,
I8356,N,N,1,6,
g6145,N,N,1,5,
I3493,N,N,1,0,
g2343,N,N,1,0,
g2752,N,N,1,0,
g3637,N,N,1,1,
g3648,N,N,1,1,
g3865,N,N,1,1,
g6318,N,N,1,5,
g5171,N,N,1,2,
g5187,N,N,1,2,
I8357,N,N,1,5,
g1046,N,N,1,0,
g5192,N,N,1,2,
g5153,N,N,1,2,
g5158,N,N,1,2,
g5197,N,N,1,2,
I8358,N,N,1,2,
g5232,N,N,1,2,
g5236,N,N,1,2,
g563,Y,N,0,0,
g5216,N,N,1,2,
g5226,N,N,1,2,
I8359,N,N,1,2,
I8360,N,N,1,6,
I8135,N,N,1,5,
I8136,N,N,1,5,
I8137,N,N,1,2,
I8138,N,N,1,2,
g6359,N,N,1,6,
g6480,N,N,1,6,
I8491,N,N,1,6,
g6525,N,N,1,6,
I8662,N,N,1,6,
g6598,N,N,1,6,
g6598[OL],N,Y,1,7,
I3478,N,N,1,0,
g2324,N,N,1,0,
g2727,N,N,1,0,
g3626,N,N,1,1,
g3631,N,N,1,1,
g3855,N,N,1,1,
g6316,N,N,1,5,
g6128,N,N,1,5,
g6131,N,N,1,5,
I2828,N,N,1,0,
g1782,N,N,1,0,
I3232,N,N,1,0,
g2108,N,N,1,0,
I4437,N,N,1,0,
g3200,N,N,1,1,
g6149,N,N,1,5,
I8385,N,N,1,6,
g6152,N,N,1,5,
I3543,N,N,1,0,
g2405,N,N,1,0,
g2787,N,N,1,0,
g3666,N,N,1,1,
g3671,N,N,1,1,
g3884,N,N,1,1,
g6327,N,N,1,5,
g5183,N,N,1,2,
g5177,N,N,1,2,
I8386,N,N,1,5,
g5178,N,N,1,2,
g560,Y,N,0,0,
g5209,N,N,1,2,
I7987,N,N,1,5,
I7988,N,N,1,5,
I7989,N,N,1,2,
I7990,N,N,1,2,
g6281,N,N,1,6,
I8387,N,N,1,6,
g6483,N,N,1,6,
I8506,N,N,1,6,
g6530,N,N,1,6,
I8668,N,N,1,6,
g6600,N,N,1,6,
g6600[OL],N,Y,1,7,
I5037,N,N,1,1,
g3838,N,N,1,1,
I5469,N,N,1,1,
g4129,N,N,1,1,
g4129[OL],N,Y,1,1,
I6743,N,N,1,1,
I6744,N,N,1,1,
I6745,N,N,1,1,
g5111,N,N,1,2,
I6816,N,N,1,2,
g5150,N,N,1,2,
I7035,N,N,1,2,
g5379,N,N,1,2,
g6162,N,N,1,2,
g6295,N,N,1,3,
I8295,N,N,1,3,
g6431,N,N,1,3,
I8500,N,N,1,3,
g6528,N,N,1,3,
I8647,N,N,1,3,
g6593,N,N,1,3,
g6593[OL],N,Y,1,3,
I8961,N,N,1,6,
g6797,N,N,1,6,
I8969,N,N,1,6,
g6801,N,N,1,6,
g6801[OL],N,Y,1,6,
g3984,N,N,1,1,
I5542,N,N,1,1,
g4152,N,N,1,1,
I5929,N,N,1,1,
g4426,N,N,1,1,
g4426[OL],N,Y,1,1,
g3788,N,N,1,1,
g4367,N,N,1,1,
I5952,N,N,1,1,
g4439,N,N,1,1,
g5179,N,N,1,2,
g5363,N,N,1,2,
g5146,N,N,1,2,
g5474,N,N,1,2,
g5474[OL],N,Y,1,2,
g2865,N,N,1,0,
g3287,N,N,1,0,
I3398,N,N,1,0,
I3399,N,N,1,0,
I3400,N,N,1,0,
g2263,N,N,1,1,
g2671,N,N,1,1,
g3820,N,N,1,1,
g4227,N,N,1,1,
g4452,N,N,1,2,
I5551,N,N,1,1,
g4155,N,N,1,2,
g4752,N,N,1,2,
I6672,N,N,1,2,
g5042,N,N,1,2,
I6798,N,N,1,2,
g5140,N,N,1,2,
g5140[OL],N,Y,1,2,
g3900,N,N,1,1,
g4170,N,N,1,1,
I6015,N,N,1,1,
g4499,N,N,1,1,
g5543,N,N,1,2,
g5637,N,N,1,2,
g5484,N,N,1,2,
g5696,N,N,1,2,
g5696[OL],N,Y,1,2,
g3797,N,N,1,1,
g4384,N,N,1,2,
g4044,N,N,1,1,
g4447,N,N,1,2,
I6318,N,N,1,2,
g4712,N,N,1,2,
I6564,N,N,1,2,
g4852,N,N,1,2,
g4852[OL],N,Y,1,2,
g3782,N,N,1,1,
g4359,N,N,1,2,
g4035,N,N,1,1,
g4436,N,N,1,2,
I6296,N,N,1,2,
g4702,N,N,1,2,
I6552,N,N,1,2,
g4848,N,N,1,2,
g4848[OL],N,Y,1,2,
g3910,N,N,1,1,
I5612,N,N,1,1,
g4194,N,N,1,1,
I6054,N,N,1,1,
g4514,N,N,1,1,
I6250,N,N,1,1,
g4659,N,N,1,1,
g4659[OL],N,Y,1,2,
I7061,N,N,1,2,
g5395,N,N,1,2,
g5571,N,N,1,2,
g5668,N,N,1,2,
I5713,N,N,1,1,
g4262,N,N,1,1,
g4623,N,N,1,1,
g4782,N,N,1,1,
g4580,N,N,1,1,
g5012,N,N,1,2,
I6923,N,N,1,2,
g5266,N,N,1,2,
g5440,N,N,1,2,
g5553,N,N,1,2,
g5402,N,N,1,2,
g5662,N,N,1,3,
I7527,N,N,1,3,
I7528,N,N,1,3,
I7529,N,N,1,3,
g5776,N,N,1,3,
g5939,N,N,1,3,
g6251,N,N,1,3,
I7587,N,N,1,2,
g5788,N,N,1,2,
g6067,N,N,1,2,
g6338,N,N,1,3,
I5692,N,N,1,1,
g4246,N,N,1,2,
g4618,N,N,1,2,
I6420,N,N,1,2,
g4772,N,N,1,2,
I6753,N,N,1,2,
g5113,N,N,1,2,
g5936,N,N,1,3,
g6444,N,N,1,4,
I8531,N,N,1,4,
g6539,N,N,1,4,
I8617,N,N,1,4,
g6583,N,N,1,4,
g6583[OL],N,Y,1,4,
I6615,N,N,1,2,
g4911,N,N,1,2,
g5248,N,N,1,2,
g5371,N,N,1,2,
I5615,N,N,1,1,
g4195,N,N,1,1,
g4565,N,N,1,1,
g4730,N,N,1,1,
g4486,N,N,1,1,
g4859,N,N,1,2,
I6355,N,N,1,2,
g4727,N,N,1,2,
g5084,N,N,1,2,
g5201,N,N,1,2,
g4932,N,N,1,2,
g5368,N,N,1,2,
I7216,N,N,1,3,
I7217,N,N,1,3,
I7218,N,N,1,3,
g5504,N,N,1,3,
g5603,N,N,1,3,
g5804,N,N,1,3,
I7254,N,N,1,2,
g5512,N,N,1,2,
g5658,N,N,1,2,
g5900,N,N,1,3,
I5594,N,N,1,1,
g4188,N,N,1,2,
g4560,N,N,1,2,
I6330,N,N,1,2,
g4716,N,N,1,2,
I6685,N,N,1,2,
g5049,N,N,1,2,
g5599,N,N,1,3,
g6109,N,N,1,4,
I8056,N,N,1,4,
g6322,N,N,1,4,
I8220,N,N,1,4,
g6402,N,N,1,4,
g6402[OL],N,Y,1,4,
I5119,N,N,1,1,
g3882,N,N,1,1,
I5514,N,N,1,1,
g4144,N,N,1,1,
g4144[OL],N,Y,1,1,
I7689,N,N,1,3,
g5919,N,N,1,3,
I7808,N,N,1,3,
g6104,N,N,1,3,
g6104[OL],N,Y,1,3,
g1157,N,N,1,0,
g3718,N,N,1,1,
g3985,N,N,1,1,
I4743,N,N,1,1,
g3527,N,N,1,1,
I5033,N,N,1,1,
g3836,N,N,1,1,
g2435,N,N,1,1,
I2212,N,N,1,0,
g1206,N,N,1,0,
g1394,N,N,1,0,
g3122,N,N,1,1,
g2306,N,N,1,0,
g3132,N,N,1,1,
g3503,N,N,1,1,
I5759,N,N,1,2,
I5760,N,N,1,2,
I5761,N,N,1,2,
g4300,N,N,1,2,
g4611,N,N,1,2,
g1883,N,N,1,0,
g921,N,N,1,0,
g3167,N,N,1,1,
g3528,N,N,1,1,
g4670,N,N,1,2,
g127[IL],Y,N,0,0,
g1038,N,N,1,0,
I2779,N,N,1,0,
g1756,N,N,1,0,
g1936,N,N,1,0,
g5123,N,N,1,2,
g3630,N,N,1,1,
g5224,N,N,1,2,
I4821,N,N,1,1,
g3622,N,N,1,1,
g3769,N,N,1,1,
g5438,N,N,1,3,
g2952,N,N,1,0,
g6095,N,N,1,5,
I7865,N,N,1,5,
g6143,N,N,1,5,
I8110,N,N,1,5,
g6352,N,N,1,5,
g1557,N,N,1,0,
g5872,N,N,1,4,
g5993,N,N,1,4,
I7852,N,N,1,5,
g6134,N,N,1,5,
I8103,N,N,1,5,
g6347,N,N,1,5,
g6457,N,N,1,6,
I8467,N,N,1,6,
g6517,N,N,1,6,
I8710,N,N,1,6,
g6616,N,N,1,6,
I8476,N,N,1,6,
g6520,N,N,1,6,
I8707,N,N,1,6,
g6615,N,N,1,6,
g6692,N,N,1,7,
I2473,N,N,1,0,
g1484,N,N,1,0,
I3656,N,N,1,0,
g2538,N,N,1,0,
g2840,N,N,1,0,
g3703,N,N,1,1,
g3191,N,N,1,1,
g3878,N,N,1,1,
I5890,N,N,1,1,
g4397,N,N,1,1,
I6096,N,N,1,1,
g4528,N,N,1,1,
I3638,N,N,1,0,
g2512,N,N,1,0,
g2837,N,N,1,0,
g3700,N,N,1,1,
g3182,N,N,1,1,
g3870,N,N,1,1,
I5876,N,N,1,1,
g4391,N,N,1,1,
I6084,N,N,1,1,
g4524,N,N,1,1,
g4831,N,N,1,2,
g6703,N,N,1,7,
I3620,N,N,1,0,
g2491,N,N,1,0,
g2829,N,N,1,0,
g3692,N,N,1,1,
g3172,N,N,1,1,
g3863,N,N,1,1,
I5862,N,N,1,1,
g4385,N,N,1,1,
I6072,N,N,1,1,
g4520,N,N,1,1,
I3599,N,N,1,0,
g2467,N,N,1,0,
g2819,N,N,1,0,
g3686,N,N,1,1,
g3157,N,N,1,1,
g3856,N,N,1,1,
I5848,N,N,1,1,
g4379,N,N,1,1,
I6057,N,N,1,1,
g4515,N,N,1,1,
g4827,N,N,1,2,
I3578,N,N,1,0,
g2443,N,N,1,0,
g2805,N,N,1,0,
g3680,N,N,1,1,
g3145,N,N,1,1,
g3850,N,N,1,1,
I5837,N,N,1,1,
g4374,N,N,1,1,
I6042,N,N,1,1,
g4510,N,N,1,1,
I3556,N,N,1,0,
g2416,N,N,1,0,
g2792,N,N,1,0,
g3670,N,N,1,1,
g3135,N,N,1,1,
g3842,N,N,1,1,
I5831,N,N,1,1,
g4370,N,N,1,1,
I6036,N,N,1,1,
g4508,N,N,1,1,
g4828,N,N,1,2,
g4936,N,N,1,2,
g6740,N,N,1,7,
I2445,N,N,1,0,
g1426,N,N,1,0,
I3102,N,N,1,0,
g1991,N,N,1,0,
g2904,N,N,1,0,
g3371,N,N,1,1,
g2793,N,N,1,1,
g3749,N,N,1,1,
I5904,N,N,1,1,
g4403,N,N,1,1,
I6108,N,N,1,1,
g4532,N,N,1,1,
I3093,N,N,1,0,
g1982,N,N,1,0,
g2892,N,N,1,0,
g3365,N,N,1,1,
g2781,N,N,1,1,
g3747,N,N,1,1,
I5893,N,N,1,1,
g4398,N,N,1,1,
I6099,N,N,1,1,
g4529,N,N,1,1,
I3083,N,N,1,0,
g1972,N,N,1,0,
g2888,N,N,1,0,
g3356,N,N,1,1,
g2770,N,N,1,1,
g3745,N,N,1,1,
I5879,N,N,1,1,
g4392,N,N,1,1,
I6087,N,N,1,1,
g4525,N,N,1,1,
g4830,N,N,1,2,
I3074,N,N,1,0,
g1963,N,N,1,0,
g2885,N,N,1,0,
g3344,N,N,1,1,
g2758,N,N,1,1,
g3743,N,N,1,1,
I5865,N,N,1,1,
g4386,N,N,1,1,
I6075,N,N,1,1,
g4521,N,N,1,1,
I3065,N,N,1,0,
g1954,N,N,1,0,
g2883,N,N,1,0,
g3334,N,N,1,1,
g2746,N,N,1,1,
g3739,N,N,1,1,
I5851,N,N,1,1,
g4380,N,N,1,1,
I6060,N,N,1,1,
g4516,N,N,1,1,
g4833,N,N,1,2,
g4946,N,N,1,2,
I3047,N,N,1,0,
g1940,N,N,1,0,
g2875,N,N,1,0,
g3324,N,N,1,1,
g2732,N,N,1,1,
g3732,N,N,1,1,
I5840,N,N,1,1,
g4375,N,N,1,1,
I6045,N,N,1,1,
g4511,N,N,1,1,
g2953,N,N,1,1,
g5864,N,N,1,4,
g5884,N,N,1,4,
g6267,N,N,1,5,
g6376,N,N,1,5,
I3022,N,N,1,0,
g1919,N,N,1,0,
g2871,N,N,1,0,
g3310,N,N,1,1,
g2720,N,N,1,1,
g4086,N,N,1,1,
g4323,N,N,1,1,
I3004,N,N,1,0,
g1905,N,N,1,0,
g2866,N,N,1,0,
g3301,N,N,1,1,
g2699,N,N,1,1,
g4074,N,N,1,1,
g4309,N,N,1,1,
I2982,N,N,1,0,
g1887,N,N,1,0,
g2864,N,N,1,0,
g3293,N,N,1,1,
g2685,N,N,1,1,
g4068,N,N,1,1,
g4302,N,N,1,1,
g6448,N,N,1,5,
I8591,N,N,1,5,
g6569,N,N,1,5,
I8696,N,N,1,5,
g6610,N,N,1,5,
g6445,N,N,1,5,
I8597,N,N,1,5,
g6571,N,N,1,5,
I8690,N,N,1,5,
g6608,N,N,1,5,
g6442,N,N,1,5,
I8585,N,N,1,5,
g6567,N,N,1,5,
I8684,N,N,1,5,
g6606,N,N,1,5,
g6438,N,N,1,5,
I8579,N,N,1,5,
g6565,N,N,1,5,
I8678,N,N,1,5,
g6604,N,N,1,5,
I8773,N,N,1,6,
g6435,N,N,1,5,
I8573,N,N,1,5,
g6563,N,N,1,5,
I8761,N,N,1,5,
g6655,N,N,1,5,
g6432,N,N,1,5,
I8567,N,N,1,5,
g6561,N,N,1,5,
I8755,N,N,1,5,
g6653,N,N,1,5,
g6429,N,N,1,5,
I8564,N,N,1,5,
g6560,N,N,1,5,
I8749,N,N,1,5,
g6651,N,N,1,5,
g6427,N,N,1,5,
I8459,N,N,1,5,
g6513,N,N,1,5,
I8745,N,N,1,5,
g6649,N,N,1,5,
I8774,N,N,1,6,
g6661,N,N,1,6,
g6718,N,N,1,6,
I8828,N,N,1,6,
g6706,N,N,1,6,
I8891,N,N,1,6,
g6733,N,N,1,6,
I8834,N,N,1,6,
g6708,N,N,1,6,
I8888,N,N,1,6,
g6732,N,N,1,6,
g6748,N,N,1,7,
g6781,N,N,1,7,
g6798,N,N,1,7,
g3002,N,N,1,0,
g2976,N,N,1,0,
g2968,N,N,1,0,
g3511,N,N,1,1,
g3517,N,N,1,1,
g3520,N,N,1,1,
g3525,N,N,1,1,
I5351,N,N,1,2,
g3529,N,N,1,1,
g3531,N,N,1,1,
g3535,N,N,1,1,
g3538,N,N,1,1,
I5352,N,N,1,2,
g4046,N,N,1,2,
g4224,N,N,1,2,
I5987,N,N,1,2,
g4485,N,N,1,2,
g4799,N,N,1,2,
g5063,N,N,1,2,
g5309,N,N,1,3,
I7039,N,N,1,3,
g5381,N,N,1,3,
g5563,N,N,1,3,
I5603,N,N,1,2,
g4191,N,N,1,2,
g4601,N,N,1,2,
g4767,N,N,1,2,
g5634,N,N,1,3,
g5860,N,N,1,3,
I8943,N,N,1,6,
g6785,N,N,1,6,
g6821,N,N,1,6,
g6834,N,N,1,6,
g6846,N,N,1,6,
I2537,N,N,1,0,
g1567,N,N,1,0,
g2293,N,N,1,0,
g6851,N,N,1,6,
g2085,N,N,1,0,
g6855,N,N,1,6,
I9092,N,N,1,7,
g6875,N,N,1,7,
I9179,N,N,1,7,
g6904,N,N,1,7,
I9095,N,N,1,7,
g6876,N,N,1,7,
I9173,N,N,1,7,
g6902,N,N,1,7,
g6911,N,N,1,8,
I9101,N,N,1,7,
g6878,N,N,1,7,
I9167,N,N,1,7,
g6900,N,N,1,7,
I9107,N,N,1,7,
g6880,N,N,1,7,
I9161,N,N,1,7,
g6898,N,N,1,7,
g6913,N,N,1,8,
g6918,N,N,1,8,
I9113,N,N,1,7,
g6882,N,N,1,7,
I9155,N,N,1,7,
g6896,N,N,1,7,
I9119,N,N,1,7,
g6884,N,N,1,7,
I9149,N,N,1,7,
g6894,N,N,1,7,
g6909,N,N,1,8,
I9125,N,N,1,7,
g6886,N,N,1,7,
I9143,N,N,1,7,
g6892,N,N,1,7,
I9131,N,N,1,7,
g6888,N,N,1,7,
I9140,N,N,1,7,
g6891,N,N,1,7,
g6910,N,N,1,8,
g6917,N,N,1,8,
g6923,N,N,1,8,
g6926,N,N,1,8,
g6928,N,N,1,9,
g6930,N,N,1,9,
I9220,N,N,1,9,
g6933,N,N,1,9,
g6935,N,N,1,9,
g6936,N,N,1,9,
I9230,N,N,1,9,
g6939,N,N,1,9,
I9236,N,N,1,10,
g6941,N,N,1,10,
g6941[OL],N,Y,1,10,
I6621,N,N,1,2,
g4929,N,N,1,2,
g5250,N,N,1,2,
g5373,N,N,1,2,
I5622,N,N,1,1,
g4202,N,N,1,1,
g4577,N,N,1,1,
g4735,N,N,1,1,
g4488,N,N,1,1,
g4860,N,N,1,2,
I6362,N,N,1,2,
g4732,N,N,1,2,
g5086,N,N,1,2,
g5211,N,N,1,2,
g4937,N,N,1,2,
g5370,N,N,1,2,
I7223,N,N,1,3,
I7224,N,N,1,3,
I7225,N,N,1,3,
g5505,N,N,1,3,
g5616,N,N,1,3,
g5808,N,N,1,3,
I7258,N,N,1,2,
g5518,N,N,1,2,
g5661,N,N,1,2,
g5902,N,N,1,3,
I5597,N,N,1,1,
g4189,N,N,1,2,
g4561,N,N,1,2,
I6340,N,N,1,2,
g4720,N,N,1,2,
I6692,N,N,1,2,
g5052,N,N,1,2,
g5601,N,N,1,3,
g6113,N,N,1,4,
I8061,N,N,1,4,
g6325,N,N,1,4,
I8223,N,N,1,4,
g6403,N,N,1,4,
g6403[OL],N,Y,1,4,
g5899,N,N,1,4,
g6258,N,N,1,4,
g6094,N,N,1,4,
g6303,N,N,1,5,
I8276,N,N,1,5,
g6422,N,N,1,5,
I8420,N,N,1,5,
g6500,N,N,1,5,
g6500[OL],N,Y,1,5,
g5897,N,N,1,4,
g6254,N,N,1,4,
g6092,N,N,1,4,
g6301,N,N,1,5,
I8273,N,N,1,5,
g6421,N,N,1,5,
I8444,N,N,1,5,
g6508,N,N,1,5,
g6508[OL],N,Y,1,5,
I7073,N,N,1,2,
g5407,N,N,1,2,
g5574,N,N,1,2,
g5675,N,N,1,2,
I5736,N,N,1,1,
g4281,N,N,1,1,
g4632,N,N,1,1,
g4789,N,N,1,2,
g4592,N,N,1,1,
g5016,N,N,1,2,
I6937,N,N,1,2,
g5278,N,N,1,2,
g5448,N,N,1,2,
g5557,N,N,1,3,
g5414,N,N,1,2,
g5672,N,N,1,3,
I7548,N,N,1,3,
I7549,N,N,1,3,
I7550,N,N,1,3,
g5779,N,N,1,3,
g5948,N,N,1,3,
g6264,N,N,1,3,
I7596,N,N,1,2,
g5797,N,N,1,2,
g6076,N,N,1,2,
g6342,N,N,1,4,
I5708,N,N,1,1,
g4252,N,N,1,2,
g4622,N,N,1,2,
I6434,N,N,1,2,
g4780,N,N,1,2,
I6763,N,N,1,2,
g5117,N,N,1,2,
g5942,N,N,1,3,
g6452,N,N,1,4,
I8541,N,N,1,4,
g6543,N,N,1,4,
I8626,N,N,1,4,
g6586,N,N,1,4,
g6586[OL],N,Y,1,4,
I5030,N,N,1,1,
g3835,N,N,1,1,
I5520,N,N,1,1,
g4146,N,N,1,1,
g4146[OL],N,Y,1,1,
I5109,N,N,1,1,
g3876,N,N,1,1,
I5511,N,N,1,1,
g4143,N,N,1,1,
g4143[OL],N,Y,1,1,
g6044,N,N,1,4,
g6259,N,N,1,4,
I8159,N,N,1,5,
g6365,N,N,1,5,
g6487,N,N,1,5,
g6576,N,N,1,5,
g6231,N,N,1,4,
g6645,N,N,1,5,
g6686,N,N,1,5,
I8806,N,N,1,5,
g6696,N,N,1,6,
I8854,N,N,1,6,
g6720,N,N,1,6,
g6720[OL],N,Y,1,6,
I7069,N,N,1,2,
g5403,N,N,1,2,
g5573,N,N,1,2,
g5673,N,N,1,2,
I5728,N,N,1,1,
g4273,N,N,1,1,
g4628,N,N,1,1,
g4787,N,N,1,1,
g4588,N,N,1,1,
g5015,N,N,1,2,
I6933,N,N,1,2,
g5274,N,N,1,2,
g5445,N,N,1,2,
g5556,N,N,1,2,
g5410,N,N,1,2,
g5669,N,N,1,3,
I7541,N,N,1,3,
I7542,N,N,1,3,
I7543,N,N,1,3,
g5778,N,N,1,3,
g5944,N,N,1,3,
g6261,N,N,1,3,
I7593,N,N,1,2,
g5794,N,N,1,2,
g6074,N,N,1,2,
g6341,N,N,1,3,
I5705,N,N,1,1,
g4251,N,N,1,2,
g4620,N,N,1,2,
I6430,N,N,1,2,
g4778,N,N,1,2,
I6759,N,N,1,2,
g5115,N,N,1,2,
g5940,N,N,1,3,
g6450,N,N,1,4,
I8538,N,N,1,4,
g6542,N,N,1,4,
I8623,N,N,1,4,
g6585,N,N,1,4,
g6585[OL],N,Y,1,4,
